CellID,umap_1,umap_2
AAACGAATCAAGTGGG-1_1,7.51938903328393,6.25495341720608
AAAGAACTCTAAACGC-1_1,-7.57463705543067,-7.71062799987766
AAAGGGCTCTGTCAGA-1_1,2.84435093399499,3.00173548164395
AAAGTCCAGTGCTCGC-1_1,1.85460853573296,-7.13421865997287
AAAGTCCCACTGGACC-1_1,7.26385104652856,6.73178676071194
AAAGTCCGTACGAGTG-1_1,8.17204987999413,6.47550300064114
AAAGTGAGTATCGTTG-1_1,-7.57045996192481,-8.02831217346164
AACAACCGTCGAGCTC-1_1,7.23759782310937,6.49046519699124
AACAACCTCCTACGGG-1_1,2.87423908707116,3.5971596569064
AACAGGGGTCCTACAA-1_1,2.05694520470116,-6.21690365371677
AACCACAGTGTATACC-1_1,-8.22245180610206,-7.6958341270444
AACCCAAAGAGGATCC-1_1,1.84778833385918,-7.22599646148654
AACCCAACACGGTAGA-1_1,-7.46877253058936,-7.647188630676
AACCCAAGTGCCGTTG-1_1,1.31636369224999,-4.90002056655856
AACCTTTCATAAGCAA-1_1,7.52898585792992,6.55923036041287
AACCTTTGTCGAATGG-1_1,3.05982649322961,3.08459332885769
AACGAAAGTAGAGACC-1_1,1.96415448185418,-5.13273951110813
AACGTCAAGTTTCGAC-1_1,2.19157707687829,-7.36066433486911
AACGTCACAGCCTATA-1_1,0.802529454197624,-4.82941958007785
AACTTCTAGGATCATA-1_1,2.86354696747277,-6.98019262847873
AAGAACATCATCTATC-1_1,6.96987378593896,7.13106635513333
AAGAACATCTCTAAGG-1_1,6.89350116249535,6.80518058242825
AAGACAACAACTGGTT-1_1,6.91722428795312,6.7692537635806
AAGACTCCATCCAACA-1_1,2.69419538971398,2.85233548584012
AAGATAGAGTCAGGGT-1_1,7.29098308083031,7.18599275054959
AAGATAGCAAGATTGA-1_1,1.48413491245721,-3.80115720329257
AAGATAGTCCGGTAGC-1_1,7.11631953712914,6.65324691238431
AAGCCATCATCGGAGA-1_1,2.38962495323632,2.70718959274319
AAGCCATGTATGAGGC-1_1,3.12924492355798,2.5120356410983
AAGCCATTCCTTATCA-1_1,2.52240836616967,-7.39021774826023
AAGCCATTCTTCACAT-1_1,6.8488639592788,7.23339084091214
AAGGAATAGAATCGCG-1_1,2.28816664215539,-7.63589331207248
AAGGAATGTGGGCTCT-1_1,2.12975513931725,-7.14065739212009
AAGGAATTCCCTTGGT-1_1,7.00392997261498,7.00665238800076
AAGGTAAGTAAGTCAA-1_1,0.932502806153038,-4.84508892593356
AAGTGAAAGTCGAAAT-1_1,2.53612363335107,-7.27226540145847
AATCACGAGTGCACAG-1_1,7.6313403844497,6.42841342391995
AATCACGTCCGCACTT-1_1,2.62200653549645,-6.51048370895358
AATCACGTCTTGAACG-1_1,-7.90664112571265,-8.02466389236423
AATCGTGTCTTGGTCC-1_1,7.58548152443383,6.69488337936429
AATGACCCACAAGCTT-1_1,-8.09520876410987,-8.21614595947238
AATGACCGTCCAGGTC-1_1,2.88284313675378,3.4273348182681
AATGACCGTGCGAACA-1_1,-7.77175247672584,-7.93248554763767
AATGCCACACGTCGGT-1_1,-7.85749781135108,-8.13956972656223
AATGGAACACGTTCGG-1_1,1.77143526073907,-7.80327793655368
AATGGAACAGAGGACT-1_1,7.22972047325585,5.72981599273709
AATGGAACATTAGGAA-1_1,-7.95561373237159,-8.09272095260593
AATTCCTAGCTAATGA-1_1,2.12327992912743,-7.42870518264743
AATTCCTAGGCACTCC-1_1,2.93946850296471,-6.55134531555148
AATTCCTGTGCCTAAT-1_1,2.31684529777978,-4.08228489456149
AATTCCTTCAAGCTGT-1_1,6.86620080467675,7.21910813751248
AATTTCCTCCACAGGC-1_1,7.08698928352807,6.60970643463162
ACAAAGAAGTGGTTCT-1_1,-8.32668364051368,-7.63388153610202
ACAAAGACACAGCTGC-1_1,3.11530673500512,2.95256832542447
ACAAAGAGTGGAAATT-1_1,-7.88603746894386,-7.74247976837131
ACAAAGATCATCACCC-1_1,-7.92603695395972,-7.55219694671604
ACAAAGATCCATTGTT-1_1,6.26960170265649,7.03666356506375
ACAACCAAGCCGGATA-1_1,2.19630110260461,-7.13567015228244
ACAACCAGTTATGTCG-1_1,7.31288659569238,6.48433497848538
ACAAGCTAGAAACTCA-1_1,6.49893367287133,6.86932471694974
ACACAGTGTGGCAGAT-1_1,2.56874120232079,-7.321993318176
ACACCAAAGCCTCTCT-1_1,2.59327900406335,3.27896502914456
ACACGCGAGGTCTTTG-1_1,1.98581564423058,-7.71950384674045
ACACGCGCAACCAACT-1_1,6.65799367424462,6.4997258514407
ACACGCGTCTCCGCAT-1_1,2.10425913330529,-6.83184143600437
ACAGAAATCTCTCAAT-1_1,2.90164291855309,-6.96700188217136
ACAGCCGAGGGCAACT-1_1,7.14482915398095,6.71243480148343
ACAGCCGCAAGATCCT-1_1,2.95218384262536,-5.72140261230441
ACAGGGAGTGGCTTGC-1_1,1.56414949890588,-7.67813583908054
ACAGGGAGTGGTCTAT-1_1,2.51831996437524,-7.31209084091159
ACATCCCCAGATCCAT-1_1,2.45692503448937,-4.72791763839694
ACATCGACAACGCCCA-1_1,1.79562807079766,-3.42752620277377
ACATCGATCCGTGGCA-1_1,1.65173161026452,-7.3686275154111
ACATGCACAGCCGGTT-1_1,7.0723541974685,6.53878024520901
ACATGCACATGAATAG-1_1,-7.19642317298438,-7.76628538665744
ACATTTCAGTGCGACA-1_1,-7.99779188636329,-7.61741491851779
ACCAACATCCTCACTG-1_1,2.15679848190759,-5.15794130859348
ACCACAACATTGGGAG-1_1,6.79705178734277,7.21301082077054
ACCACAAGTTATGTGC-1_1,7.94792354103539,6.39017728271512
ACCATTTCAGTTAGAA-1_1,6.74485290047143,7.29953435363797
ACCCTTGAGACGGTTG-1_1,2.16555058952782,-4.40596291122409
ACCGTTCTCCCAGGCA-1_1,2.70129621025536,2.90338972511319
ACCTGAACAACACACT-1_1,-7.43332874778297,-7.87346836624118
ACCTGAACAAGTACCT-1_1,6.58199155327294,7.29498341980008
ACCTGAACAGAGAATT-1_1,2.6241210698745,3.50774362983731
ACCTGAATCCGAAGGA-1_1,1.78653025623772,-5.40197464523288
ACCTGTCAGCATATGA-1_1,1.71629774567101,3.16282180252102
ACCTGTCGTCGTGATT-1_1,1.90033674236749,-7.73984381256076
ACCTGTCGTTAGAGAT-1_1,6.60113561150048,7.34623483123807
ACGATGTAGGTAATCA-1_1,6.94811666008447,7.37442735137967
ACGATGTCACTACCCT-1_1,1.9212026595733,-6.88256451187106
ACGGAAGGTCACCTTC-1_1,6.84756410118554,7.11510280075101
ACGGAAGGTCGAAACG-1_1,7.00706565376733,7.14313701095608
ACGGGTCAGAGCATAT-1_1,1.55256462093804,-6.27491137084934
ACGGTCGAGTAGTCTC-1_1,2.28288137909386,-5.29682585296604
ACGGTTACAGATCACT-1_1,-7.60091030601051,-7.8522815376279
ACGGTTAGTCATCCGG-1_1,6.46784245964501,7.21187880935696
ACGGTTAGTTCTTCAT-1_1,7.31872546669457,6.25858119430569
ACGGTTATCTACGCAA-1_1,1.4927164315841,-4.08057304916355
ACGTAACTCTCCCTAG-1_1,1.68859994408105,-4.84609505233737
ACGTCCTAGTAGACAT-1_1,6.94989097115014,6.42601540985135
ACGTCCTGTCTTGAAC-1_1,1.86357259747002,-3.64038082656833
ACGTTCCAGTTCCGTA-1_1,-8.03507006171729,-7.59102341232273
ACGTTCCTCTCTAGGA-1_1,7.10369575020287,6.55238393249539
ACTATGGAGCTAATCC-1_1,2.58993351456139,2.30167821350125
ACTATTCAGGTGAGAA-1_1,1.77611839767907,-7.04574009475681
ACTATTCAGTAAATGC-1_1,2.91358578201745,-7.14299627838107
ACTATTCGTTGCTTGA-1_1,7.31924235817406,7.03565267028836
ACTATTCTCGACGATT-1_1,7.21406924721215,6.45090154113797
ACTATTCTCGGTCGGT-1_1,5.96972596641991,6.90983346405057
ACTCCCACAGGTCCCA-1_1,7.50342404839013,6.68207601013211
ACTCCCAGTCTGTGGC-1_1,6.83630931374047,6.34117701950101
ACTCCCATCGATCCCT-1_1,7.09770286079858,6.94250491561917
ACTCTCGAGGTCGAGT-1_1,7.0010708570144,6.25911239089993
ACTCTCGTCGTTCATT-1_1,2.41942226883385,2.57320097389248
ACTGCAATCGGAGCAA-1_1,5.3825234174392,7.36057666244534
ACTGTCCAGTGGAAGA-1_1,-7.41165030005958,-7.68443533477756
ACTGTCCGTCTCAAGT-1_1,2.65127074715112,-7.09000774917575
ACTTAGGCACCTCAGG-1_1,2.54533398148034,-6.83350464401218
ACTTAGGCATTAGGAA-1_1,6.73208701607201,6.57831672134427
ACTTATCAGCCACCGT-1_1,2.80888736244653,-6.70204683837863
ACTTCGCAGTCAGGGT-1_1,7.35863769051049,6.91130355300931
ACTTCGCGTCCGGCAT-1_1,5.91035878654931,7.36090234222439
ACTTTCAAGTAGACCG-1_1,2.93618810173486,2.69326451721219
ACTTTCAGTATGTGTC-1_1,1.38950097557519,-6.55088039932224
ACTTTGTGTGCCCTTT-1_1,2.36491596695397,-7.38690754470798
ACTTTGTTCTAATTCC-1_1,7.11452519890282,7.18447402420071
AGAAATGTCACGAACT-1_1,2.13445007797692,-5.92046782073947
AGAACAAGTCCAGCCA-1_1,3.32516038414452,3.54693320693997
AGAACAATCGTAACAC-1_1,2.62756288048241,-7.24100300369235
AGAACCTTCACTGCTC-1_1,-7.89034855369117,-8.25606485900852
AGAAGCGAGACATATG-1_1,-7.21473324302222,-7.68795248565647
AGAAGCGCACTTCTCG-1_1,6.58424699303124,7.21424821319607
AGAAGCGCAGACATCT-1_1,7.29035413261864,6.38749984207181
AGAAGTACATGGACAG-1_1,2.47469031807397,-4.42528435287448
AGACAAAGTATGGAAT-1_1,-7.12548696998145,-7.64565083084079
AGACAGGTCATTGAGC-1_1,1.80730700489495,-6.70854517517063
AGACCATAGTCACTGT-1_1,1.72895991798852,-4.6657261520383
AGACCATCACTCTGCT-1_1,1.62023437019799,-6.98885628280612
AGACCCGGTACCGCGT-1_1,-7.92385208610084,-8.22343107757541
AGACTCAGTAGACGGT-1_1,-7.91831076148536,-7.97108933029148
AGAGAATAGCACCGAA-1_1,2.83203637596581,-4.80008932647678
AGAGAATCAGACCGCT-1_1,-8.10232794288184,-8.03172680435153
AGAGAATTCGCCAGTG-1_1,1.71239721771691,-7.77127214965793
AGAGAATTCGTAGTGT-1_1,7.3233569860122,5.88807109298733
AGAGCAGGTGATCATC-1_1,2.44822871681664,2.14393785896329
AGAGCCCAGCTCGAAG-1_1,-7.90179121497657,-8.10420080718967
AGAGCCCCAAGCACCC-1_1,7.34561049934838,6.62821820678738
AGAGCCCTCGAGAAAT-1_1,8.12074697014306,6.46343377532986
AGATAGAGTCGTTGCG-1_1,2.10627520081017,-7.22905584869357
AGATCGTGTGAGCAGT-1_1,1.88003110882256,-7.84354635772678
AGATCGTTCCGCGGAT-1_1,1.44843077656243,-7.76490351257297
AGATGAAGTATCAAGA-1_1,7.23727881905053,6.46533683242825
AGATGAAGTCCAAAGG-1_1,2.26846277710412,2.48923018875149
AGATGAATCATGAGGG-1_1,3.26933562752221,-5.20103403625461
AGATGCTCAAATGAGT-1_1,3.22724330421899,3.09128097000149
AGATGCTGTACCGTCG-1_1,1.47955644127343,-7.11043688354465
AGCCAATCAACTCCCT-1_1,2.70918190475915,-7.22268005905124
AGCCAATGTGTGAGCA-1_1,7.4371207952163,6.14508107605008
AGCCACGAGAGCAGAA-1_1,1.97446763512109,-6.50476500091525
AGCCACGAGTATGATG-1_1,-8.45065557960059,-7.74340578613254
AGCCAGCCATCGGCCA-1_1,-8.10432589057471,-8.06837364730808
AGCCAGCGTTCCAAAC-1_1,7.27614629265282,6.24904445114163
AGCCAGCTCCCAGGCA-1_1,2.83027541634057,-7.03517672119113
AGCGCCAAGGTAGGCT-1_1,7.4038857221267,6.62125447692898
AGCGCTGAGCTAAGTA-1_1,2.01843011375878,-4.00603696403476
AGCGCTGAGTGGCCTC-1_1,7.26975619789574,6.51271489563016
AGCGCTGCAATCGCAT-1_1,3.38831651207421,3.27932957115201
AGCGCTGTCTGTTCAT-1_1,-7.45636713508155,-7.90314241943332
AGCGTATAGAGGGTGG-1_1,-7.60345041755225,-7.81254574356052
AGCGTATTCGTTCGCT-1_1,-8.30230200294044,-7.52121683654758
AGCGTCGCATTCTCTA-1_1,-8.07876169684913,-7.84317776260349
AGCTACATCCCTTGGT-1_1,2.0201708078048,-4.18683811721774
AGCTCAAGTATGACAA-1_1,2.22065317627404,-7.55488344726535
AGCTCAATCCGAAATC-1_1,2.26610553261254,-6.58891007003757
AGCTCAATCCTGCTAC-1_1,2.7530170678756,-7.21765038070651
AGCTCAATCGTGGAAG-1_1,1.95477390285943,-7.18917986450168
AGCTTCCCACTTGAAC-1_1,5.48057258125756,6.90034917297391
AGGAAATAGAGGGTCT-1_1,7.01604449745629,5.83831218185452
AGGAAATAGCACTCAT-1_1,7.37994086739037,6.36088612976102
AGGAATAGTCAGACGA-1_1,2.95758664604638,-6.83856150207492
AGGAATATCGTTCGCT-1_1,6.74782216545556,7.03887751998929
AGGAATATCTAGACCA-1_1,2.89349877830956,3.06184557380704
AGGACTTAGCACGATG-1_1,7.35291135307763,6.36731484832791
AGGACTTAGCTGAGTG-1_1,1.23739850517724,-5.07349964675876
AGGACTTGTGGGCTCT-1_1,-8.3875747919419,-8.10165020523044
AGGAGGTGTGATGGCA-1_1,-7.67850506309058,-8.02336403427097
AGGAGGTTCGCTAGCG-1_1,3.11107313629601,3.26421168746976
AGGATCTAGCACGATG-1_1,-7.27177059653785,-7.7577032714841
AGGATCTTCAACGCTA-1_1,2.7632230519912,-6.8084697395322
AGGCATTGTCACTAGT-1_1,2.46792662140343,-6.83354326782199
AGGCATTGTCCAAATC-1_1,7.89986693855737,6.50370601120022
AGGCATTTCGTCTAAG-1_1,2.77032005783532,3.07060054245022
AGGCCACGTTTACCTT-1_1,3.2381404637954,-5.58005472717258
AGGGAGTAGCCAGACA-1_1,1.48178040977929,-3.46723887023898
AGGGCCTAGTTACGGG-1_1,2.04998385902856,-6.58093306121799
AGGGCCTGTGGAACCA-1_1,-1.70881199840095,-7.52880808410617
AGGGCCTGTGTAGTGG-1_1,2.04407584663842,-7.47217842636081
AGGGCTCAGCAACAAT-1_1,1.91803085800622,-4.40763708648654
AGGGCTCCAATGTGGG-1_1,-8.17128717902686,-8.25780436096164
AGGGCTCCAGTAGATA-1_1,1.29285287853692,-6.41347881851169
AGGGCTCTCTAGGAAA-1_1,1.42866790291283,-6.4847483306882
AGGGTCCCATCCCACT-1_1,2.71656811233971,3.11419347229031
AGGGTGACAGTCACGC-1_1,3.4581066369674,1.98830989303616
AGGTAGGAGGAATTAC-1_1,6.62081420418237,6.44522574844388
AGGTAGGGTTTGACAC-1_1,2.69052994247887,-4.52483316955539
AGGTAGGTCTCTGAGA-1_1,7.05025851723168,5.89600661697415
AGGTCATAGTTGTAAG-1_1,5.45228660103295,7.38271907272366
AGGTCTACAGCTATTG-1_1,1.50670242306207,-4.49477001724216
AGGTGTTAGTTGCCTA-1_1,2.66502821442101,-7.23366161880466
AGGTTACGTCAGTTTG-1_1,7.14651763435815,7.09134677352933
AGGTTGTAGGACTGGT-1_1,6.49197804924462,7.12950900497464
AGGTTGTAGTCTGCGC-1_1,-8.38989126685645,-7.74897762832614
AGGTTGTCATACCGTA-1_1,1.91780495640252,-7.16202446517917
AGTAACCAGACTGTTC-1_1,1.74202656742547,-7.332988706207
AGTAACCCACAGCCTG-1_1,2.11462414261315,-7.32849070129367
AGTACCATCGTTGCCT-1_1,3.26355063911889,-5.53571268615695
AGTCAACAGATGACAT-1_1,1.91109764572594,-6.04341026840183
AGTCACAAGGTTAGTA-1_1,7.32385957237695,6.60304740371731
AGTCACAGTATTCTCT-1_1,2.78153097626183,-7.20354553756687
AGTCTCCCATCGGTTA-1_1,7.48389470573876,6.68137124481228
AGTGACTTCAGACCCG-1_1,-7.92800486091163,-8.26995274124118
AGTGATCCACACTTAG-1_1,7.34146773811791,6.79684213104275
AGTGATCCACTGGATT-1_1,1.86149871345971,-4.57964560089084
AGTGATCGTGAGGATC-1_1,6.1428846120498,6.79636577072171
AGTGATCTCATGGAGG-1_1,7.30022418495629,6.64470818939236
AGTGCCGTCGGATACT-1_1,7.88808143135522,6.42198232116727
AGTGCCGTCTGGGAGA-1_1,2.56217372414086,2.88576391639737
AGTGTTGCAGTAGATA-1_1,7.54914176460717,6.31330350341824
AGTGTTGGTAACACGG-1_1,7.23905265327905,6.27641299667386
AGTGTTGTCCTTCACG-1_1,3.16815555092309,3.43539741935757
AGTTAGCAGCACACAG-1_1,-8.38786089423682,-7.77868029174777
AGTTAGCAGTAACAGT-1_1,2.12300622459863,-4.66202017364475
AGTTAGCCACTGTGTA-1_1,3.02930724617455,2.9575693935397
AGTTAGCGTGAATAAC-1_1,1.97220349308465,-4.09235068855258
AGTTAGCGTGACGTCC-1_1,-7.16240465644386,-7.6915263801572
AGTTCCCCAATGGCCC-1_1,2.38737261291955,-6.93314549026462
AGTTCCCCACATCATG-1_1,3.08288466927026,2.51552179756192
AGTTCGAAGAGGATCC-1_1,-7.38507664207008,-7.91050144729587
AGTTCGACAGCATGCC-1_1,2.16785109039758,-4.50559374389621
ATACCGAGTAATACCC-1_1,-7.26067602637794,-7.85080477294895
ATACCGATCATGCCGG-1_1,3.09057986732934,3.31509664955166
ATACCTTCACAAGCAG-1_1,-8.282495141063,-8.23305269775363
ATACCTTGTAGATCCT-1_1,6.62553441521142,6.64582780303982
ATACCTTGTGGGACAT-1_1,6.71809518333886,7.43672803344754
ATAGAGACATGGGTCC-1_1,-7.73909914496925,-8.06477543411228
ATCACAGAGCGACAGT-1_1,5.8844240903518,7.19437364044217
ATCACAGCATTGACTG-1_1,7.50188815590356,6.67296269836453
ATCACGACACGTGAGA-1_1,1.77276372906182,-7.77388998565647
ATCACGATCGCAGTTA-1_1,3.21593606468652,2.56739810409573
ATCACTTTCAACCTTT-1_1,2.49435913559411,3.18525842132596
ATCATTCAGACAACAT-1_1,2.22511684891198,-3.68904921112033
ATCCACCAGACCTTTG-1_1,3.06340229507897,3.47271088066128
ATCCACCAGGATTTGA-1_1,7.59386909004662,6.49254897537259
ATCCACCAGTGGACTG-1_1,2.31148469444726,-4.31418367919895
ATCCACCTCTCTGCCA-1_1,5.51160752769921,7.0978179306033
ATCCATTCACTTTATC-1_1,-7.86142504218604,-8.0532354980466
ATCCATTGTTGTCCCT-1_1,7.40901410576318,6.60935500564602
ATCCCTGGTCGCAGTC-1_1,7.28661096092675,6.1083798736575
ATCCTATTCGTCAGAT-1_1,1.94115591045831,-6.42549416122409
ATCGGATCACTCTGCT-1_1,3.29584300514672,3.15604117813138
ATCGGATGTCTCCCTA-1_1,2.51218903061364,-7.38564869461032
ATCGTCCAGAATCTAG-1_1,2.62400710579369,-7.13965841827365
ATCGTCCCACGTCATA-1_1,1.87317669388268,-7.19912048873874
ATCGTGAGTTCCGCAG-1_1,2.43872773643945,-6.64681574401828
ATCTCTAAGGATTTGA-1_1,6.40699422356103,7.21979907455472
ATCTTCACAAACGTGG-1_1,2.90830242630456,2.71623280944852
ATCTTCAGTCAACCTA-1_1,7.30860364433739,6.61768582763699
ATCTTCATCTACTGAG-1_1,-7.55013954642799,-7.79752871093723
ATGAAAGTCGTCGATA-1_1,-7.57860720160987,-7.86210056838962
ATGAGGGTCTGAGATC-1_1,3.82818281647179,3.96101001205472
ATGAGTCCATGGGATG-1_1,2.60392177101586,-4.43804165420505
ATGAGTCTCAGCTTCC-1_1,2.65489518639062,-7.22158810195896
ATGCATGAGACGCCAA-1_1,2.22446262833093,-7.19453856048557
ATGCGATCACCCTCTA-1_1,6.76240146156762,7.1668081611636
ATGGAGGAGGACACTG-1_1,2.31820738312218,-6.96687790451023
ATGGAGGCAGCGGTCT-1_1,2.13897907730553,-7.51929470596286
ATGGATCAGTGTGTTC-1_1,-8.16863691810157,-8.30814405975315
ATGGGTTGTTATAGCC-1_1,2.02810680862878,-7.04921385345432
ATGGGTTTCCATTTGT-1_1,7.08187758919213,7.25413993301419
ATGGTTGAGAAACTCA-1_1,3.13855612274621,2.23854235115079
ATGTCCCGTGATAGTA-1_1,-8.1684700250962,-8.10990711746189
ATGTCCCTCTATACTC-1_1,3.11126506325219,3.94251159133938
ATGTCTTGTCCTGAAT-1_1,7.27372348305199,6.75724891128567
ATGTCTTTCGCTCCTA-1_1,2.93214666840051,-6.43990799484226
ATTATCCAGATTGATG-1_1,3.16119110580895,3.44940832557706
ATTATCCCACGAGAAC-1_1,1.85906147953484,-3.48062750396701
ATTCACTGTGCATTTG-1_1,7.47590529915307,6.90405658187894
ATTCACTGTTTAGACC-1_1,2.91891252991174,-6.39845892486545
ATTCACTTCGGTTGTA-1_1,6.77776277061913,6.24357036056546
ATTCAGGAGGTAGTCG-1_1,7.20533597465966,6.60242799224881
ATTCAGGAGTGTTCCA-1_1,2.47080409523461,2.73122313919095
ATTCATCGTGCACGCT-1_1,1.95325493809197,-7.69781300125095
ATTCATCTCCTAAGTG-1_1,5.6477707624099,6.93237546386746
ATTCCCGTCGCCTTGT-1_1,6.54772746559594,7.15046981277493
ATTCCCGTCGGCCCAA-1_1,1.35664498802636,-7.30008265075656
ATTCCCGTCTATGTGG-1_1,7.86163651939843,6.53101113739041
ATTCCTAAGACTTAAG-1_1,-8.12437880042579,-8.13202663955661
ATTCCTACAGTAGGAC-1_1,6.96325385567162,6.82384398880032
ATTCCTATCCGAGATT-1_1,2.78935039040063,-4.50861689147922
ATTCCTATCCTTGACC-1_1,6.86078965660546,7.37837794723538
ATTCTACAGCTGCCTG-1_1,2.72074520584557,-4.33433291015598
ATTCTACGTTAAGAAC-1_1,2.12070596214745,-3.85544225273105
ATTCTTGCAGCTACTA-1_1,2.97982656952355,-6.66828915176364
ATTCTTGTCGTCGCTT-1_1,6.94551265236352,7.04130700531033
ATTGGGTAGTATTGCC-1_1,2.10378587242577,-5.39892288742038
ATTGGGTCAAGTTCCA-1_1,6.76100623604272,7.03502944412259
ATTGGGTCATGACTCA-1_1,7.02270305153344,6.97115996780423
ATTGTTCAGTTTGTCG-1_1,6.70883357521508,6.99367001953152
ATTGTTCCAACCACAT-1_1,2.82135307785485,-5.99753471908542
ATTTACCGTACTAACC-1_1,-8.04286730292823,-8.20551249084445
ATTTCACAGCAGGCTA-1_1,2.11618983742211,-7.14575716552707
ATTTCACCAGGAACCA-1_1,7.63860166069482,6.2741833061221
ATTTCACCAGGCGATA-1_1,7.06626641746972,6.81429913940457
ATTTCTGAGGTCACTT-1_1,1.84265220161889,-7.24081703720065
ATTTCTGAGTAGCAAT-1_1,2.91370642181847,-6.48468252716037
CAAAGAATCCTCGATC-1_1,7.01834523674462,6.10618308486966
CAACAGTCAAGCGAGT-1_1,2.2108606099746,-7.16416641769382
CAACCAATCACCTGTC-1_1,2.55125796791528,-4.15845057067844
CAACCTCGTATGGGAC-1_1,3.01883900162194,2.89569953384427
CAACGATCAAAGGTTA-1_1,7.51299893852685,6.96236566009549
CAACGATGTCCATCTC-1_1,3.24408161636803,-5.47042461929294
CAACGATTCGGAATTC-1_1,8.02088582512353,6.36901620330838
CAAGAGGGTCCTGGTG-1_1,1.50641405579064,-7.372699227905
CAAGCTACAAACCATC-1_1,2.61132490631554,-5.27822586593601
CAAGCTAGTGGGCTCT-1_1,1.80687355991814,-4.43773171005222
CAATCGAAGAAGTCTA-1_1,7.33529984947655,6.26141789855984
CAATCGACAGTCCCGA-1_1,2.53071844574426,-4.173560348129
CACACAACATAATCGC-1_1,-8.45354902747657,-7.84446236190769
CACAGATCATAGTCGT-1_1,2.35899221893761,-6.62735649642917
CACAGGCCATGACGTT-1_1,3.18050873276208,3.19410851898221
CACCAAACAGGAGACT-1_1,2.30962979790185,-7.19186207351657
CACGAATAGGGCCTCT-1_1,2.49509060379479,-5.03314730224582
CACGAATCAATCCTAG-1_1,6.84662282463525,7.106144937897
CACGAATGTTATTCTC-1_1,-8.10237944129493,-8.23484751281711
CACGGGTAGTTCTCTT-1_1,2.70426332947228,2.54061177673367
CACGGGTTCCGTAATG-1_1,8.03613793846581,6.43857243957547
CACGTGGAGAGTCAGC-1_1,6.64521062370751,7.04297021331814
CACGTGGCATAATGCC-1_1,6.76470172401879,7.15817931594876
CACGTGGTCTCAACCC-1_1,2.3401240110061,2.39194372596768
CACGTTCGTGTCCGTG-1_1,7.57769429680322,6.16368821563748
CACGTTCTCGGTCATA-1_1,1.7360093593261,-7.60360857543918
CACTAAGAGAGCAGTC-1_1,-8.11002027991798,-8.29910704193088
CACTAAGGTAGGTTTC-1_1,2.18517434593652,-7.18504330215427
CACTAAGTCTGCCCTA-1_1,7.1381877660415,7.24447730484036
CACTGAAAGTCGCCCA-1_1,3.11062252518151,2.32244685592679
CACTGAACAGTCACGC-1_1,3.14344942566369,-4.99375053939792
CACTGAAGTGTATACC-1_1,-8.06484568122413,-8.08681198654148
CACTGGGCAGCTCGGT-1_1,2.91881287094567,3.05776050987271
CACTGGGGTTAAGGGC-1_1,2.59275734421227,-4.51415869293186
CACTGTCAGCCTATTG-1_1,6.64346826073144,6.42194941940335
CACTGTCTCATTCTTG-1_1,4.94602143761132,4.50071719589261
CAGAGCCAGAAGGTAG-1_1,6.91564929481957,6.38905099334744
CAGATACAGCGGACAT-1_1,1.88971662517999,-6.51389547882053
CAGATACTCGATTGAC-1_1,2.07707631584618,-3.48220321235629
CAGATCAAGCCTCCAG-1_1,2.4192723035476,-5.04700943527194
CAGCAATAGCACGTCC-1_1,-7.78604662421729,-7.86298128662082
CAGCAATGTGCTCGTG-1_1,2.52486145493005,2.78065279426602
CAGCACGGTTATCCAG-1_1,-7.9112039804795,-7.84627148208591
CAGCAGCCACGACGCT-1_1,6.93046891685937,6.460468325043
CAGCCAGCACGACGAA-1_1,-8.51324713233497,-7.6576490074155
CAGCCAGTCTGGAAGG-1_1,-8.0230613947251,-7.82577272949191
CAGCGTGAGGTGGTTG-1_1,6.84040248390649,6.36139348449734
CAGGCCACACCCTAAA-1_1,-8.27569067481544,-7.93230196533176
CAGGCCATCCGTCACT-1_1,2.41995203491662,-6.10529371795627
CAGGGCTAGCTCCGAC-1_1,7.34257304665063,6.88460257949856
CAGTGCGCAACTGCTA-1_1,8.03610789772485,6.48048165740994
CAGTGCGCAAGAAACT-1_1,1.96498644348595,-6.08723064956638
CAGTTCCGTGATTAGA-1_1,-7.85483706000831,-8.14509579238864
CATAAGCCAACAGAGC-1_1,1.19600975510094,-4.24973246154758
CATACAGAGTGCAGGT-1_1,7.21369540688012,6.39109567108182
CATACAGCAGGCTATT-1_1,6.97131717201684,6.42866900863675
CATACAGGTTCGGTCG-1_1,6.5673059224746,6.36949113311795
CATACCCAGCTGTACT-1_1,1.5613062381408,-6.27184435424777
CATACCCCAACCGCCA-1_1,-8.37377893928077,-8.12746140060398
CATCAAGGTACAAAGT-1_1,3.67478072639916,2.19438365402249
CATCCGTGTTATTCCT-1_1,2.7671419381759,3.2382045120242
CATCGCTAGGGAGATA-1_1,2.12704908844445,-6.72224041519138
CATCGCTGTTGCCAAT-1_1,6.93417012688134,6.01900294723538
CATCGCTTCCTCACTG-1_1,-7.2482835054734,-7.75940224227878
CATCGGGAGAAACTCA-1_1,1.9900308847091,-7.07219549713107
CATCGGGAGATTGATG-1_1,2.45663869377587,-7.45089766082736
CATCGTCGTTGCACGC-1_1,7.39662301537011,6.12821200790433
CATGAGTCAATCTCTT-1_1,7.16825997826073,7.16067174377469
CATGCAAAGACATAAC-1_1,2.44754946228478,2.26363757553128
CATGCAACAGAGAATT-1_1,2.6445342301986,-4.67426487503024
CATGCCTGTTCTTGTT-1_1,2.82031190391991,-4.81601234970065
CATGCTCGTGAACTAA-1_1,2.91404116150353,2.86032656135586
CATGCTCTCAAGCTTG-1_1,-7.56305849555518,-7.89163824615451
CATGGATCACAAAGTA-1_1,3.27016603943322,2.80548551979092
CATGGATCAGACCAAG-1_1,8.00424897667382,6.44350484313992
CATGGTATCCGTAATG-1_1,2.00763487812493,-6.77070566711398
CATTCATGTATGGTTC-1_1,2.04746472832177,-4.9512052207944
CATTCATTCTACCTTA-1_1,5.7386254071853,7.23075345459012
CATTCCGCACAAGGTG-1_1,2.36749160286401,-3.97331878242465
CATTCTACAAATGATG-1_1,6.79824721809838,7.22389844360379
CATTCTATCTTGAACG-1_1,-7.29028427604224,-7.66022059020969
CATTGAGAGAATCCCT-1_1,3.16159999367211,3.87521842422513
CATTGAGCATCCGATA-1_1,6.94127976891015,7.31584647598294
CATTGAGGTACGCGTC-1_1,2.65533816811059,-6.8089317947385
CATTGAGGTGGTCCCA-1_1,7.27868688103173,6.81998351516751
CATTGCCGTGGCTTGC-1_1,-8.46099054816749,-8.14910122451755
CATTGCCTCACCATAG-1_1,-8.09299719337012,-8.14742752609226
CATTTCAAGGCGAAGG-1_1,2.5862108468673,-6.61896654663059
CATTTCAGTCCGGTGT-1_1,3.65122354027245,3.47159675064114
CCAAGCGTCAAGGAGC-1_1,2.59958875175927,-7.18630692062351
CCAATGACACATTACG-1_1,3.71512067314599,3.31715300979642
CCAATGATCCCTTTGG-1_1,-8.24010145667579,-8.17129417953464
CCAATTTAGTAAAGCT-1_1,-8.06832849982764,-7.79845806655856
CCAATTTCATACCAGT-1_1,1.71549463268731,-7.58395716247531
CCACAAAAGGGTGAGG-1_1,-7.29338991645362,-7.77665325698825
CCACAAATCTAGTACG-1_1,7.45275628563378,6.54518416824368
CCACACTCACTATCCC-1_1,6.9645456075332,6.79197839202908
CCACCATAGCGTTGTT-1_1,2.2864073514602,-7.1035079627988
CCACCATCAGAGGCTA-1_1,7.44245660301659,6.53678897323636
CCACGTTAGTGGTTGG-1_1,8.07061612602685,6.41742661895779
CCACGTTCAAAGCTAA-1_1,1.49236714836572,3.13610938491849
CCACGTTCATGCCGGT-1_1,-7.54481089118507,-7.76093956527683
CCACGTTTCTGCTAGA-1_1,2.59988987442468,2.77188924255398
CCACTTGAGCGTTCCG-1_1,1.86453187462304,-3.95866080818149
CCACTTGAGGAGGTTC-1_1,-8.34019339087989,-7.89552399215671
CCACTTGCATGGGATG-1_1,1.93687999245141,-3.59685155448886
CCACTTGTCATCTCTA-1_1,6.95150554176781,7.4808483451846
CCACTTGTCGGTGCAC-1_1,8.1394141912124,6.45103362503079
CCATAAGTCCACGTAA-1_1,2.11538398262475,-7.05755755004856
CCATCACCATTGACTG-1_1,6.95489394661401,6.98218778076199
CCCAACTTCCGAGATT-1_1,2.4926570653579,-4.27699514923068
CCCAACTTCTTCGATT-1_1,3.02376520630334,-6.65916868743869
CCCATTGAGAGAACCC-1_1,7.213673949208,6.64515689315823
CCCATTGAGTCTGTAC-1_1,-7.89612877372291,-7.96373697814914
CCCATTGCATAGTCGT-1_1,1.73433935638879,-7.25229784545871
CCCATTGGTAACAGTA-1_1,6.2991756200454,7.0778360694888
CCCATTGGTTTGTGGT-1_1,-7.7660771608689,-7.60299059448215
CCCGAAGAGTAGAGTT-1_1,2.18745481964562,-7.13143726882907
CCCGGAAAGTTACTCG-1_1,2.67952907082055,-7.01015945968601
CCCGGAATCTATTCGT-1_1,3.44647324081872,2.74125221672085
CCCTCAAAGCTAAACA-1_1,7.66528642174218,6.57729438247708
CCCTGATGTCCTCCAT-1_1,-8.02874910834815,-8.1969236999509
CCCTGATTCCATTCGC-1_1,3.1376560926101,-5.67859980163547
CCGAACGTCGTGGAAG-1_1,1.08495628830407,-7.49410578308078
CCGATCTTCTAGTGTG-1_1,1.68789410587762,-7.18052050170871
CCGCAAGAGGCTTTCA-1_1,2.63074958321069,-7.1213450103757
CCGCAAGGTGTTGACT-1_1,2.63522326942895,-6.88321968612644
CCGCAAGTCATCGCCT-1_1,6.5151146649978,7.16095736923245
CCGGACAGTACCTATG-1_1,1.73231089111779,-3.7977161079404
CCGGGTAGTGGCTTGC-1_1,7.22781312462304,6.77870944442776
CCGGGTATCAAGCCAT-1_1,2.88336741920922,3.35011294784573
CCGGTAGAGAGGTTAT-1_1,7.41238582130883,6.66890147628811
CCGGTAGCATCAGTGT-1_1,5.43877017494653,7.33008626403836
CCGTAGGTCACGAACT-1_1,1.83925759788964,2.43842819633511
CCGTAGGTCATCGCCT-1_1,7.0543984174392,6.36653045120267
CCGTGAGAGAACAAGG-1_1,-8.05040705207374,-7.64369246063205
CCGTTCACAACTCCCT-1_1,2.7942665815017,-4.70891424713107
CCGTTCATCAGATTGC-1_1,-7.63846600059058,-8.00879999694797
CCTAACCGTGAAGCTG-1_1,-7.84268629554298,-7.94377991256687
CCTAAGACAAAGCTCT-1_1,7.53615081306908,6.61412719192532
CCTAAGAGTTAGTTCG-1_1,3.57190835472558,3.26690557899502
CCTAAGATCAAGCCGC-1_1,2.57327425476525,-7.36518808898898
CCTACGTGTTTGTGGT-1_1,1.62286353107903,-5.28728672561618
CCTATCGCAGTCCCGA-1_1,2.31315529343102,2.42446855011014
CCTATCGGTCGGAACA-1_1,2.67133176323388,3.0282743305209
CCTCACAAGGTCGTGA-1_1,2.73658263679955,3.49506953659085
CCTCATGAGAAATCCA-1_1,2.58437025543664,3.01650813522366
CCTCCAATCACTGCTC-1_1,-8.12658655646827,-8.24156662521335
CCTCCTCAGTCGAGGT-1_1,3.18089902397607,3.11369708480862
CCTCCTCCAGCTCTGG-1_1,2.81625592705224,3.22088864746121
CCTCCTCGTGCATTTG-1_1,-8.02393209937598,-7.91984125671359
CCTCTAGAGAGCGACT-1_1,1.92750024792168,-7.03379866180393
CCTCTCCAGATACATG-1_1,6.88172519203637,7.33686402740506
CCTGCATAGTGGTGGT-1_1,7.03883635994408,5.58032706680325
CCTGCATGTGACTGAG-1_1,3.26612675186608,3.161240848923
CCTGTTGAGAGAAGGT-1_1,3.23385727402184,3.49058178367642
CCTTCAGAGGAAGAAC-1_1,8.04364907738183,6.40414288940457
CCTTGTGCATATCTCT-1_1,2.25999009605859,-6.02994820175144
CCTTTGGGTATCAGGG-1_1,7.22684323784325,6.93101361694363
CCTTTGGGTTCGTAAC-1_1,-7.90714704993751,-8.08674713668796
CCTTTGGTCATCACAG-1_1,2.81727206703637,3.5249739021304
CGAAGGATCCGTGTGG-1_1,-7.69933950904395,-7.74581905899021
CGAATTGGTGTTAGCT-1_1,1.76832103725884,-7.75531956253024
CGACAGCCACGTGTGC-1_1,2.65369474884484,2.76672962608365
CGAGAAGCAACTCATG-1_1,2.56535899635766,-7.05924364623996
CGAGAAGGTCGTTGCG-1_1,1.96341371532891,-6.98488852081272
CGAGAAGGTGCTAGCC-1_1,6.69925153252099,6.33503440322903
CGAGAAGTCGAGTGGA-1_1,7.16627776619408,5.79770472946194
CGAGGAAAGCCGCACT-1_1,6.81094968315575,6.8036866516116
CGAGGAATCCTATTGT-1_1,2.75228607651208,2.26295760574368
CGAGGCTAGAGCAGAA-1_1,7.51241576668237,6.91296485366849
CGAGTGCTCCTGGCTT-1_1,7.32626664635155,6.68071988525418
CGAGTTAGTATAGGAT-1_1,7.16149413582299,6.85155490341214
CGAGTTAGTGTACAGG-1_1,7.20947825905297,6.54342797699002
CGAGTTATCCGTGTGG-1_1,7.06050574776147,6.92388585510281
CGATCGGAGACCTTTG-1_1,1.95809626575921,-7.74955221710178
CGCAGGTAGAGCTGAC-1_1,1.72779738899682,-5.83240553436252
CGCAGGTAGAGTTGCG-1_1,7.54302918907616,6.56307605209378
CGCATAAAGCTAGTTC-1_1,7.00333106514428,6.76919129791287
CGCATGGAGCGTTGTT-1_1,2.50039041038964,-7.02083298263523
CGCATGGGTCTGTAAC-1_1,-7.88150990012672,-7.79835888442966
CGCATGGTCGAAGTGG-1_1,-7.70343410972144,-7.7104472785947
CGCGTGAGTGGCTACC-1_1,7.40824306007836,6.56369832458523
CGCGTGAGTTGGACTT-1_1,-8.09931623939063,-8.06136986312839
CGGAACCCAAGACTGG-1_1,-8.13705313209083,-8.15269419250461
CGGAATTTCCTACTGC-1_1,7.32239139076684,6.80975345077542
CGGACACAGACTAGAT-1_1,2.33607208725426,-7.56380793151828
CGGACACTCTGGCTGG-1_1,2.19290626045678,-7.06756445465061
CGGACACTCTTCCAGC-1_1,2.99176180359338,3.41322472991971
CGGCAGTAGATTAGCA-1_1,6.64978921410058,6.88480809631375
CGGGACTTCTAACGGT-1_1,8.02337825294946,6.46288064422635
CGGGACTTCTATACGG-1_1,7.16829097267602,6.51816514434842
CGGGCATGTTGCGGAA-1_1,8.09146058556054,6.43663981857327
CGGGTCAAGCAACTTC-1_1,3.31922519203637,3.04992607536343
CGGGTCACAGTGTGGA-1_1,2.02341914173577,-7.22855660018894
CGGGTCATCCGTAGGC-1_1,6.7928222417495,7.4429483741763
CGGGTGTCACTCATAG-1_1,7.61800944801781,6.43119862976102
CGGGTGTTCCTCACCA-1_1,2.06618535515282,-7.46863409576389
CGGGTGTTCGTCCTCA-1_1,2.04194533821557,-7.37167831954929
CGGTCAGAGACTGGGT-1_1,2.28671634193871,-7.47749229965183
CGTAAGTAGACCTCAT-1_1,1.91197335716698,-7.5729207664487
CGTAAGTGTTCGTGCG-1_1,2.3349171876571,-7.43516251144382
CGTAAGTTCCAAATGC-1_1,1.8779783248565,-7.39122959670993
CGTAAGTTCGCCACTT-1_1,-7.20233500007178,-7.70947548446628
CGTAATGAGGCTTCCG-1_1,7.19698703285668,6.2289967864993
CGTAATGAGGTAGCAC-1_1,1.56608033176873,-3.7224363952634
CGTAATGCACGTGTGC-1_1,-7.86415302756812,-7.8999733596799
CGTAATGGTGATACAA-1_1,2.31017267700646,2.7419395774844
CGTAGTATCCCTCAAC-1_1,7.15240132805322,6.85682347717312
CGTAGTATCTTGGTCC-1_1,7.43623578545068,6.35454276504544
CGTCAAACATCATCCC-1_1,-8.14605867866065,-7.86784073410007
CGTCCATAGATACCAA-1_1,3.26455247398827,-5.61582180557224
CGTCCATAGCTCCCTT-1_1,1.66531455513451,-6.50211855468723
CGTCCATAGGGCGAAG-1_1,7.1320146321914,6.6224122375491
CGTGAATAGTATAGGT-1_1,1.48548781868432,-7.84407230911228
CGTGATAGTCCGGTCA-1_1,3.04921877380822,2.42505577507046
CGTGATATCCTTCGAC-1_1,6.95904481407616,7.22229054870633
CGTGCTTAGTGAGGTC-1_1,2.7675184011123,-6.92220446166965
CGTGTCTAGGTCATCT-1_1,-7.70996487144019,-7.9330601364133
CGTGTCTCACCCTTAC-1_1,2.25933015343163,-4.17292710838291
CGTGTCTCAGGGACTA-1_1,1.12903034683678,-6.75969549713107
CGTGTCTTCAGTGTCA-1_1,-7.40897858146217,-7.7282056480405
CGTTCTGAGGAAAGTG-1_1,7.09433686729882,6.6892223686221
CGTTCTGGTACACGTT-1_1,2.81370723244164,2.94386175575284
CGTTCTGGTGCCTAAT-1_1,-7.11257183555152,-7.76318260726901
CGTTGGGCAAATGCGG-1_1,6.18321216103051,6.51938012542752
CGTTGGGCAAGTTCCA-1_1,1.71694874760125,-6.60190531311008
CTAACCCAGAAGTCTA-1_1,7.01964175697778,6.96032050552395
CTAAGTGGTACCGTCG-1_1,2.43555653091882,-7.17688890991184
CTACAGAAGGTTAGTA-1_1,-7.26094925406959,-7.69754072723361
CTACATTAGCGACATG-1_1,3.15567266937707,2.06796959342984
CTACATTAGCGTTCCG-1_1,2.24752557274316,-5.6844839721677
CTACATTGTAGAGGAA-1_1,1.22312140461419,-4.86494680938693
CTACATTTCTACTCAT-1_1,2.96136915680383,-5.51193710861179
CTACCCAGTCACATTG-1_1,2.20057165619347,-5.24725004730197
CTACGGGAGGTAAACT-1_1,7.19309937950585,6.26373532714871
CTACGGGCAGGTGAGT-1_1,7.30069005485986,5.99187901916531
CTACGGGCATTAAGCC-1_1,2.11631047722314,-4.44425007400485
CTACGGGGTTGGATCT-1_1,-7.49612915519263,-7.74253031311008
CTACTATCACAATGAA-1_1,6.99739396568749,6.90073541107205
CTAGACACAACAGATA-1_1,7.16181075569604,6.21849683227566
CTAGACAGTAGGGTAC-1_1,6.84787452217553,6.98253968658475
CTAGGTAAGTAGTCTC-1_1,-8.29701673987891,-7.71370932159397
CTATAGGAGCAGTACG-1_1,1.5546448230407,-7.38682934341403
CTATAGGTCTATTCGT-1_1,1.41776573654626,-4.75952240524265
CTATAGGTCTGAGGCC-1_1,1.37898623939965,-5.0593390136716
CTATCCGAGCAGGCTA-1_1,7.95504176613305,6.44088033142117
CTATCTACAAAGCAAT-1_1,-8.15585768226173,-8.16634556350681
CTATCTACACCGCTAG-1_1,7.0415695905349,6.23744347991971
CTCAACCCAACGGCTC-1_1,-7.26224815848853,-7.77718540725681
CTCAACCCAGGCAATG-1_1,1.86781764027093,-6.35935780105564
CTCAGAACAAGCGAGT-1_1,2.50885856148217,2.94969752731351
CTCAGAATCAGGTGTT-1_1,1.91046762463067,-3.69708749351474
CTCAGGGGTAGCGATG-1_1,1.34879803654168,-6.25688168106052
CTCATCGTCTTCCACG-1_1,2.85127556320641,-6.82987495956394
CTCATCGTCTTTCCGG-1_1,4.28498876091454,3.26686337890652
CTCATGCTCCGCAACG-1_1,7.33845794197533,6.95816615524319
CTCATTAAGTAACAGT-1_1,7.39514291283105,6.69252112808255
CTCATTACATTAAAGG-1_1,2.65671718117211,3.53820160331753
CTCATTATCCTCAGGG-1_1,2.77971541878197,-6.71413466033908
CTCCAACAGGTATTGA-1_1,2.94826161858056,3.36073044242886
CTCCACACACCCAAGC-1_1,2.55275762077782,-4.15134951171848
CTCCACAGTAACTGCT-1_1,2.99552237984155,-4.62238403854343
CTCCATGTCAATGCAC-1_1,-8.27155077460792,-8.05610605773898
CTCCCAAAGCCACAAG-1_1,2.80320775505517,-6.91085573730441
CTCCCAATCTTTACAC-1_1,2.65494024750207,-7.15535160598728
CTCCCTCCATGAGAAT-1_1,3.35109651085351,2.92720869483975
CTCCCTCCATGGCCCA-1_1,2.31965172287438,-7.10087248382541
CTCCCTCGTCACGCTG-1_1,2.54476988312218,3.31136921348599
CTCCCTCGTTAGCTAC-1_1,5.2342194318435,7.1338720649722
CTCCGATAGAATCGCG-1_1,2.70845067497704,2.41929272117642
CTCCGATGTTGACTGT-1_1,6.15822541710351,6.62636092605618
CTCCTCCCATGGACAG-1_1,1.39725780483697,-7.54339167175266
CTCCTCCTCAAGTTGC-1_1,2.26844370361779,-6.9941739707944
CTCCTTTAGACATATG-1_1,3.07139408585046,-6.63431212005588
CTCGAGGAGTATGAAC-1_1,1.95194852348779,-7.40395876464816
CTCGAGGCACGAGAAC-1_1,7.47594869133447,6.79743054809598
CTCGAGGCATCATGAC-1_1,3.44239413734887,3.17690399589566
CTCTCAGGTCAGATTC-1_1,3.27114260193322,3.29274919929532
CTCTCGAGTCTTTATC-1_1,6.96195161339257,6.22285226287869
CTCTCGATCTACCTTA-1_1,6.25088775154565,6.98293355407742
CTCTGGTAGCACTCAT-1_1,6.49110114571069,7.28121474685696
CTCTGGTGTACTGAGG-1_1,7.19521129127953,7.02761844100979
CTGAATGGTTACGATC-1_1,7.12696540352319,6.46205666961697
CTGAATGTCCATGAGT-1_1,7.48511922356103,6.42068723144559
CTGAATGTCCTACGAA-1_1,2.67435157295678,-6.28650328216525
CTGATCCAGGACAGTC-1_1,1.71533858772729,-4.88993593749973
CTGATCCGTCGCACAC-1_1,2.64465296265099,-5.13211103973361
CTGCAGGAGCGACTAG-1_1,7.06493318077538,6.84908107223538
CTGCAGGAGGTGCTTT-1_1,7.74258553978417,6.74555304946927
CTGCAGGCATTAGGCT-1_1,7.38009440895531,6.68755010070828
CTGCAGGGTCTGCATA-1_1,2.59433209892724,-4.76128050384494
CTGCAGGTCACCCATC-1_1,6.60134828087304,6.78460505905179
CTGCATCAGTCATACC-1_1,6.9406083821914,6.70345834198025
CTGCATCCATCGCTCT-1_1,1.83046925064538,-3.43322249946567
CTGCCTAAGGTAGCCA-1_1,1.83764564987634,-7.30476614532443
CTGCCTAGTGAATATG-1_1,2.70074331757043,2.88293055000332
CTGCCTATCAGAGCAG-1_1,2.71136724945519,-4.97078367767307
CTGCCTATCATTGCCC-1_1,3.06690251823876,-4.92593237457248
CTGCGAGCATAAGCGG-1_1,8.12523019310449,6.43086389007596
CTGCGAGGTTGAGTCT-1_1,3.02980029579613,3.38612941207913
CTGCGAGTCGGTATGT-1_1,7.34896457191918,6.89871648254422
CTGCGAGTCTGTAAGC-1_1,-7.99013864997413,-7.44404837188693
CTGGACGAGTTGGGAC-1_1,-7.70195305350806,-8.11636444625827
CTGGACGCACTGAATC-1_1,7.15936315056298,6.25084117355374
CTGGACGTCCCTCATG-1_1,2.64160263534997,3.35465362968472
CTGGCAGTCTTGTGCC-1_1,1.95931172367547,-7.52362343368503
CTGGTCTAGGTTGAGC-1_1,2.35072863098595,-4.39197584686252
CTGGTCTTCCAACCGG-1_1,-8.22233545783546,-8.24553867874118
CTGTACCAGTGGCAGT-1_1,6.7302640676162,6.6175179809573
CTGTACCCAGACAAAT-1_1,-7.96188223365333,-8.0205001502988
CTGTACCTCCAACTAG-1_1,1.8714401721618,-4.34951063690158
CTGTAGAAGCAGTACG-1_1,2.06301510330651,-7.71443602142307
CTGTAGAGTTGAATCC-1_1,2.22644650932763,-7.26651999053928
CTGTATTAGTATCTGC-1_1,6.86438167091821,6.3480506271365
CTGTCGTCAACATACC-1_1,-8.28793776038673,-8.08340260086032
CTGTCGTCAATTGCAC-1_1,2.77342331406091,-6.70943829116794
CTGTCGTTCTGTGCGG-1_1,2.33127582069848,-4.57793423233005
CTGTGGGAGAAGAACG-1_1,2.77156364914391,3.24770573081998
CTGTGGGGTCTGTGTA-1_1,1.92691373821709,-7.02346035537692
CTGTGGGGTTGTCTAG-1_1,2.28560674187157,-7.07885595855686
CTTCAATAGTCCCGAC-1_1,2.91591465469811,-6.83982655105564
CTTCAATCAAATCGTC-1_1,2.37707173820947,-6.85934444961521
CTTCAATGTAGGTGCA-1_1,2.97620475288842,-6.69201275405856
CTTCCTTAGAATCGAT-1_1,7.31380021568749,7.12578299942044
CTTCGGTAGGGCCTCT-1_1,7.27067315575097,6.92517236175564
CTTCGGTAGGTTGTTC-1_1,2.10544407364343,-6.95498749313327
CTTCGGTTCAAGCCAT-1_1,1.79554378982995,-7.73918196258518
CTTCTAAAGTGTTGAA-1_1,2.73238909241174,-6.46711298522922
CTTCTAACACACGGTC-1_1,6.98786056038354,6.43512109222439
CTTCTAAGTCACTGAT-1_1,3.27948176857446,3.30289319458035
CTTCTAAGTCGTCGGT-1_1,2.5384665727279,-4.26996943054172
CTTCTCTGTACAGAGC-1_1,1.45534217354272,-4.79360815582248
CTTGAGACAGGCGATA-1_1,2.1174882650039,-6.23321863708469
CTTGAGAGTCACTTCC-1_1,6.94472491737817,6.30073026123074
CTTGAGAGTGTCCTAA-1_1,2.78556931015466,2.88901046218899
CTTGAGATCGTTAGAC-1_1,6.9962667226455,6.10741713943509
CTTGATTCAAGAATAC-1_1,2.65688884254906,-6.65845533905002
GAAATGAAGAGTCTTC-1_1,2.50706207748864,3.38661364021329
GAAATGACAAGTTCCA-1_1,2.08216607567284,2.15509537162808
GAAATGACAGGTCAAG-1_1,2.28422844406579,-4.24189325866672
GAAATGATCCGTCAAA-1_1,7.36750733849023,6.59624103012112
GAAATGATCTTAATCC-1_1,7.71789109703515,6.30803159179715
GAACACTGTAGATCGG-1_1,1.81061840054009,-4.23802277145358
GAACACTGTTAGTCGT-1_1,6.86689031120751,7.30397180023221
GAACACTTCTCATTTG-1_1,3.00483715530846,-6.1454157501218
GAACACTTCTCGAGTA-1_1,7.04470479485009,6.83231595459012
GAACGTTGTGCTTATG-1_1,1.94676625725243,-7.00047775802585
GAAGAATCATGTGGTT-1_1,7.14246118065331,6.1822266906741
GAAGAATTCTGGAGAG-1_1,6.61851108070824,6.47039416732815
GAAGCGATCGCGGACT-1_1,6.93568122383569,6.06101039352444
GAAGGACGTTGGACTT-1_1,2.81217563148949,3.62761000099209
GAAGGACGTTTATGCG-1_1,3.43264377113793,3.36848667564419
GAAGGGTAGAAATGGG-1_1,1.37676620480035,-7.68879362640354
GAAGGGTAGAAGCTGC-1_1,1.59803700443719,2.38209155502347
GAAGGGTTCCGATAAC-1_1,7.47608602043603,6.37050727310208
GAAGTAAAGCCTCAGC-1_1,-8.35335886481788,-7.55075213012668
GAAGTAAAGTAAACTG-1_1,-8.43021643165137,-7.69626614150974
GAAGTAAGTAAGACCG-1_1,1.40065097805474,-6.42705103454563
GAATAGAGTCTGATAC-1_1,7.13920295235131,6.41418794097928
GAATAGAGTGATTAGA-1_1,1.60398817059014,-3.85767814216586
GAATCACAGTCGCCCA-1_1,1.6358422040603,-4.29173418579074
GAATCGTAGGATTTGA-1_1,1.83886969086144,-6.98314425048801
GACACGCAGTATCCTG-1_1,3.21566617485497,3.13754990997342
GACACGCGTTCCTACC-1_1,2.68338382240746,-7.23640963134738
GACACGCGTTTAGTCG-1_1,1.66771805283044,-5.41293188629123
GACACGCTCATCGACA-1_1,2.70930063721154,3.39692834320096
GACCCAGAGCGTCTGC-1_1,7.3112605809829,6.37742951812771
GACCCTTAGACCTTTG-1_1,6.562870383229,6.79400971832303
GACCCTTCAACCTAAC-1_1,7.35379493233178,6.83647731246976
GACCGTGGTTCCTACC-1_1,5.39888465401147,7.23245433273343
GACGCTGCAAATTGCC-1_1,-7.50092709067847,-7.68520828781101
GACGTTAAGGAAAGGT-1_1,1.91979575153802,-7.5323819786069
GACTATGAGTGGTTAA-1_1,1.63210785385583,-7.15899893341037
GACTATGCAACCCGCA-1_1,2.52886736389611,-7.09176727828952
GACTCAAAGCCTCATA-1_1,-8.31659471992042,-7.8932447105405
GACTCAACACAAGCTT-1_1,6.58784425255273,7.43037322464017
GACTCAATCAAGTGTC-1_1,7.05794513222192,6.51046899261502
GACTCTCGTCCGGATC-1_1,2.38754189011071,-6.80021950302097
GACTTCCAGCTAGTTC-1_1,2.06252706047509,-4.42212196884128
GACTTCCGTCAAAGCG-1_1,1.79354798790429,-4.59663578567478
GAGACCCAGGCAGGTT-1_1,1.88619267937157,-5.86788221893283
GAGACCCCACAACGTT-1_1,7.9048565625808,6.41404918136624
GAGACCCGTTACCCAA-1_1,-8.10799372199561,-7.87209650573703
GAGACTTAGCCGTAAG-1_1,2.1568576097152,2.23027518692044
GAGACTTGTCACGCTG-1_1,8.14983880516503,6.41373303833035
GAGACTTGTTCGCGTG-1_1,3.42994391914819,3.6242809623721
GAGAGGTAGCAACTTC-1_1,7.31784045692895,6.56546262207059
GAGATGGAGGGCGAAG-1_1,1.55292534824822,-7.11473414001438
GAGATGGCATGTTTGG-1_1,1.7621358632705,-7.09134289321872
GAGGCAAAGAGGTGCT-1_1,1.50251042839501,-6.67573496398898
GAGGCAAAGTAGCCAG-1_1,7.44269120689843,6.16399577560452
GAGGCAACACGTCATA-1_1,7.06534993645165,7.08388951721219
GAGGCAACATCCAATG-1_1,-7.87301266196754,-7.96342846450778
GAGGCAAGTGCACAAG-1_1,1.77819693085168,-7.05282064971897
GAGGCAATCATTCGGA-1_1,7.15946614738915,6.57382873001126
GAGGCCTAGCTCTATG-1_1,-0.085820645127556,-8.03295466003391
GAGGCCTGTAGTATAG-1_1,6.59948480125878,6.45845416488675
GAGGGTAAGTCACACT-1_1,2.05293679234002,-7.41575523910495
GAGGGTAAGTGAGGCT-1_1,1.72504079338525,-7.59004017410251
GAGGGTAAGTTTCTTC-1_1,6.91324126717065,6.97461179199246
GAGTCTAAGAACTCCT-1_1,1.47460651394341,-3.51554867324802
GAGTGAGAGATGGGCT-1_1,2.84919106956933,-6.73444124755832
GAGTGTTCAATTCGTG-1_1,3.43998539444421,3.21589997711209
GAGTGTTCAGCGAGTA-1_1,6.90371215340112,6.49682954254178
GAGTTACGTACCAGAG-1_1,-7.51131212714698,-7.70469423828098
GAGTTTGAGATAGTCA-1_1,2.1316758393905,-7.00249048767063
GAGTTTGCAAGACGGT-1_1,7.97759377953027,6.50208619537381
GAGTTTGTCATGACAC-1_1,1.33804690834496,-7.82472464141818
GATAGAAGTTTGAACC-1_1,7.40186393257592,6.74293616714505
GATAGAATCCCGAACG-1_1,7.22600734230492,6.07785514297513
GATAGCTCACGCACCA-1_1,1.46467459198449,-7.53785416183444
GATAGCTTCACGGTCG-1_1,2.32303154465173,-6.80728289184543
GATCACAAGGTCGACA-1_1,-8.00776350501563,-7.7113394409177
GATCACACAAGCGAAC-1_1,2.1864579915664,-7.41258951721164
GATCAGTGTGGAACCA-1_1,6.78245627876733,6.47113231124905
GATCATGCAAGGTCGA-1_1,6.65237033363793,5.77794555130032
GATCATGTCACTCTTA-1_1,2.42796337601159,-7.1585559516904
GATCGTAAGATACAGT-1_1,1.42043519016717,-6.54927536544773
GATCGTACATGGAAGC-1_1,2.19065344330285,-7.16297241744968
GATGAGGAGCATGAAT-1_1,3.09136474129174,3.63996675910977
GATGATCCACTGGCGT-1_1,1.69779515263055,-7.67518993911716
GATGCTAAGTCGAGGT-1_1,6.68155848976586,6.65068963470486
GATGCTACAGCCCAGT-1_1,2.85509383675072,2.23409584465054
GATGCTAGTTACCGTA-1_1,6.89633023735497,6.78592494430569
GATGTTGCAGAAGCTG-1_1,2.38734447952721,-4.49277016220065
GATGTTGTCGTAGGGA-1_1,1.67226231094811,-7.37584921417209
GATTCTTCAACCGTGC-1_1,3.03222930428002,3.35887125434903
GATTCTTCAAGTGGCA-1_1,2.12968814369653,2.52010992469815
GATTCTTTCCAAGAGG-1_1,2.72069990631554,3.23444584312466
GATTCTTTCTTGGGCG-1_1,6.90216147896264,7.28548482360867
GATTGGTTCGACATAC-1_1,3.92355883118127,2.57407048645047
GATTTCTGTGCTGATT-1_1,3.62693870064233,1.87596753540066
GATTTCTTCGTTGCCT-1_1,6.3901556729934,7.00163033905057
GCAACATCATGGCCCA-1_1,2.81083905693505,-6.18516298828098
GCAACCGAGGATGGCT-1_1,6.87885177132104,6.26646235885647
GCAACCGAGGTGCTGA-1_1,2.50240838524316,-6.80364939269992
GCAACCGCACGTATAC-1_1,3.17359006401513,-5.78714129028293
GCACGGTCACCATATG-1_1,2.71035730835412,3.92497733535794
GCACGGTCACGACTAT-1_1,6.76434934135888,6.52558854522732
GCACGGTGTTTGAACC-1_1,7.69676148888085,6.43223002853421
GCACGGTTCGTGGGAA-1_1,7.65426814552758,6.49694064559964
GCACGTGCAAGGCTTT-1_1,7.57139909264062,6.70680383148221
GCACGTGCAGCGACAA-1_1,2.11345398422692,-7.32685371932956
GCACGTGTCGCTTAAG-1_1,-7.39172852042701,-7.81699797210666
GCAGCCACACGTACTA-1_1,6.47008788582299,6.97270682754544
GCAGCTGCACGGCGTT-1_1,2.94450104233239,-6.68392225799533
GCAGGCTAGTAGACAT-1_1,-8.27243483069923,-7.63628145751926
GCAGTTACACCCTTAC-1_1,2.39628398415063,-6.7737755447385
GCAGTTAGTAACGCGA-1_1,2.54093921181176,3.05936411323575
GCAGTTATCCATGCAA-1_1,2.64298140999291,-6.49570223388645
GCATCGGCACGGTGTC-1_1,2.77195298668359,3.21904233398465
GCATCGGTCTTCGGTC-1_1,2.02330768105004,-7.59121605453464
GCATGATTCCGTCACT-1_1,2.50384819504235,-6.70756241378757
GCATTAGTCGGTCTGG-1_1,-7.57425129416969,-7.6841268211362
GCCAGCAAGTGTACAA-1_1,7.49722802635644,6.64437058868435
GCCAGTGTCGTAGCTA-1_1,2.18094289299462,-7.51243588027927
GCCATGGCAGTTAGAA-1_1,-7.28002893928077,-7.76330324707004
GCCATGGGTGGAGAAA-1_1,2.11033070084069,-5.78945490417453
GCCATTCAGTGGTCAG-1_1,1.8850674628875,-6.58310553131076
GCCATTCGTTCGTAAC-1_1,3.81917297836755,3.2606380313876
GCCCAGAAGCGGATCA-1_1,7.0292748212478,7.13665631713894
GCCGATGAGTGACACG-1_1,2.4469765424392,-7.43374249038669
GCCGATGGTCCACGCA-1_1,6.40458285805199,7.18117335739163
GCCGATGGTGATGGCA-1_1,7.11856544014428,6.95733645858792
GCCTGTTCAGTAGAAT-1_1,2.45190060135339,-4.54822298583957
GCCTGTTGTAGCTAAA-1_1,5.02425229546044,7.11696055831936
GCCTGTTTCGTGGTAT-1_1,-8.10633242133643,-8.20309015808078
GCGGAAACAATACCTG-1_1,2.84277904030297,-5.1709227233884
GCGGAAACACTGCATA-1_1,6.37680566307519,7.13832286300686
GCGGAAAGTCAAATCC-1_1,2.31070744987939,-7.42575356063815
GCGGAAATCGCTAGCG-1_1,6.90484321114037,6.24858764114407
GCGGATCCACATTCTT-1_1,5.62007558342431,7.09521916809109
GCGGATCCAGCAGGAT-1_1,-8.24997007850196,-8.08933970031711
GCGGATCGTATCCCAA-1_1,7.51343619820092,6.11777261199978
GCGTGCAAGAAGAACG-1_1,2.07570421692345,-7.75919958648654
GCGTGCAAGGGAACAA-1_1,1.34694945808862,-5.02164455947849
GCGTGCATCATCGACA-1_1,-7.99520647529151,-8.12193056640598
GCGTTTCAGAGTCTGG-1_1,7.07086026665185,6.25226834716824
GCTACCTTCAGTGTGT-1_1,2.37399137016747,-3.94452377853366
GCTCAAACAAGAGTAT-1_1,-8.37562143806007,-7.61330076751682
GCTCAAAGTAGATCGG-1_1,7.41639649864648,6.15986922683743
GCTCAAAGTTGGGACA-1_1,1.7739641666076,-7.59000870285007
GCTGCAGAGTTGGACG-1_1,8.11163747307275,6.43976119461087
GCTGCAGCACTTCATT-1_1,-7.61739122870948,-7.91086813507053
GCTGGGTAGGTCCCGT-1_1,2.78632891174767,3.34779694976834
GCTGGGTGTGCTGTCG-1_1,1.20130288597558,-4.77738472518894
GCTTCACAGTGGTCAG-1_1,2.24967396255944,-4.31447884139987
GCTTCACTCGCTACGG-1_1,1.68259561058495,-7.3117804199216
GCTTGGGTCGTTTACT-1_1,1.95045697685693,-7.5347880989072
GGAACCCGTTGGTAGG-1_1,1.40040814873193,-4.86927029190036
GGAAGTGTCGCAGTCG-1_1,3.76379382606957,2.24901083412198
GGAATCTGTAACGGTG-1_1,2.47714126106713,-5.79168745574924
GGAATCTTCTCGTGAA-1_1,2.11575090881799,-7.7874474197385
GGAATGGCACACACGC-1_1,3.50226271149133,2.86759379806546
GGACGTCTCGAGCCTG-1_1,2.30815780159447,-4.76970669326755
GGAGAACCAGAGTCAG-1_1,-7.81358253959205,-7.62462421951267
GGAGATGGTGTTACAC-1_1,-7.76668655875709,-8.11336609420749
GGAGCAACAGTGTACT-1_1,1.97900211807702,-7.72763201293918
GGAGCAATCATGGATC-1_1,1.67738437649224,-7.60682341155979
GGAGGTAAGAGTAACT-1_1,7.16739690300439,5.95663884582547
GGATCTACATAGACTC-1_1,6.74076402183984,7.2081261009219
GGATGTTAGTGCACAG-1_1,1.98626327511285,-4.53652950820896
GGCACGTAGTAATACG-1_1,3.18568408485863,-5.59021660385105
GGCAGTCAGCTACGTT-1_1,1.88530230518792,-7.34946772155734
GGCAGTCAGTTATGGA-1_1,3.36358058449242,2.65887907447842
GGCGTCACATCATGAC-1_1,2.01216447349999,-6.52289530334445
GGCGTCAGTTAACAGA-1_1,7.26927316185448,6.06031325759915
GGCTTGGAGGATATAC-1_1,1.82006204124902,-6.61202808914157
GGCTTGGGTCGTTCAA-1_1,6.94859111305688,6.20897296371487
GGCTTGGTCCAATGCA-1_1,-8.42101442817237,-7.85156818923923
GGCTTGGTCCGTGTAA-1_1,3.53768956657861,3.40536931457547
GGCTTTCGTCATACCA-1_1,2.75236284729455,-6.55672165451023
GGGACAAAGAGTGGCT-1_1,2.02185451981042,-4.98223539886447
GGGACAACAACCTATG-1_1,2.02329039570306,-4.48022171554538
GGGACCTGTCAGTCCG-1_1,2.58230340477441,-4.34773441848728
GGGACCTGTTGTTGAC-1_1,2.62665903564904,-5.81865879592868
GGGACTCCATCTGGGC-1_1,-7.80965149405982,-8.12454077300998
GGGACTCGTGGATTTC-1_1,-7.6640549898484,-7.86620995101901
GGGAGATCATGGGATG-1_1,-8.28426039222266,-7.9297961860654
GGGAGATTCTTACGGA-1_1,2.24281203743432,-3.78668829498264
GGGAGTAAGCATACTC-1_1,6.6618989705703,7.31785014572171
GGGAGTACACTACCCT-1_1,2.75343215462182,-4.48249479827854
GGGATCCCACACCTAA-1_1,5.67251145836327,6.3408017486575
GGGATCCTCGCTGACG-1_1,2.49135124680016,4.04361442031888
GGGATGACAAATAAGC-1_1,6.77871215340112,6.53120807113675
GGGCCATAGGTAATCA-1_1,2.45999085899804,-6.85190531311008
GGGCCATCAAATCAGA-1_1,2.7335509061477,2.83738878669766
GGGCGTTAGGTTGACG-1_1,1.81711351868127,-7.55532452163669
GGGCGTTGTTGATCGT-1_1,6.96616876121972,5.95240453186062
GGGCTACCATATCTCT-1_1,-8.25205767158057,-8.25652357635471
GGGCTCAAGGTCGTCC-1_1,2.4009195565841,-4.45594402847263
GGGCTCACACATTCTT-1_1,2.8790358304641,-6.18693205413791
GGGCTCAGTGCCTGAC-1_1,7.25929868217919,6.01357892456082
GGGTAGAGTAGCTCGC-1_1,2.37544238563988,-7.12604567108127
GGGTATTGTCACCGAC-1_1,8.05140531059716,6.42605498733548
GGGTATTGTTACACAC-1_1,7.33193242546532,6.05776599350003
GGGTATTGTTAGCGGA-1_1,1.74585759636376,-4.66938778457614
GGGTCACAGAACCGCA-1_1,7.36428105827782,6.13033154907254
GGGTCTGCACGGCGTT-1_1,1.91527211662743,-7.42763039169284
GGGTCTGGTGGCTACC-1_1,6.95118033882592,7.15622285308865
GGGTGAACAATTGGTC-1_1,3.16612040993188,2.87424472274808
GGGTGAAGTCCAGCCA-1_1,1.37468612190698,-4.66910740432712
GGGTGTCCATCGAAGG-1_1,-7.93138468268897,-8.02630278167697
GGGTTATAGGATGAGA-1_1,5.5201228856704,7.26839593353299
GGTAACTCAATATCCG-1_1,0.919926106896141,-7.73507162628147
GGTAATCAGGGCAGTT-1_1,2.48331749435876,4.18879369201687
GGTAATCCAGGACAGT-1_1,7.21593368050072,6.45779899063138
GGTAATCGTAACCAGG-1_1,7.01654946800683,6.47565606536893
GGTAATCGTAACTGCT-1_1,2.48240816589806,-6.89593836364719
GGTCACGAGGCAGGGA-1_1,1.35458493229363,-6.54358097610446
GGTCACGAGTATGTAG-1_1,3.8218020200393,6.99461654129056
GGTCACGCAGACCTGC-1_1,7.08709323402856,6.94192365112332
GGTCTGGGTTGCGGCT-1_1,6.94492518898461,7.18032935562161
GGTGAAGTCTGGCCTT-1_1,-7.80323326591041,-7.64791199264499
GGTGATTTCCCGTTCA-1_1,2.50212967392419,-4.35199591217014
GGTGGCTGTAGAATAC-1_1,7.21084487434838,6.51631549301175
GGTGGCTTCCAAACCA-1_1,2.32880556580041,-6.87619015274021
GGTGTCGAGCACTCCG-1_1,1.62442553040002,-4.56182428894016
GGTGTCGAGTAACCTC-1_1,-8.22261869910743,-8.01595779952976
GGTGTCGGTGACCTGC-1_1,1.97390913959954,-6.25687357482883
GGTGTCGTCGCGATCG-1_1,7.56037700172875,6.38674453201321
GGTTAACTCCGCATAA-1_1,7.38098418709252,6.63796142044095
GGTTCTCTCACCATGA-1_1,2.67517054077599,-7.02495476303073
GTAACACCATACACCA-1_1,7.37671792503808,6.82059815826443
GTAACACTCCGTGCGA-1_1,7.58136165138696,6.29653647842435
GTAAGTCAGTTTGTCG-1_1,3.07376801964257,-4.81744906005832
GTAAGTCGTTACCGTA-1_1,2.31427562233422,-7.0003266006467
GTAAGTCTCTAGAACC-1_1,1.46352529522393,-6.58047100601169
GTAATCGCACCGTGAC-1_1,1.72676110264275,-7.18031546173068
GTAATGCAGACCATAA-1_1,5.81769931313012,6.4918608993533
GTAATGCGTACCGTCG-1_1,5.1004132032058,2.14551976623562
GTACAACTCTTACTGT-1_1,2.75349032875512,-4.56780954894992
GTAGAAACACCCTATC-1_1,7.41450250145409,6.05290320816067
GTAGAAATCATCACAG-1_1,1.62899839874718,-7.56888815460178
GTAGAAATCGTTATCT-1_1,1.54535400864098,-7.62208839950534
GTAGAGGCATACCAGT-1_1,6.63699996468041,7.27289822998074
GTAGATCAGCCAGTAG-1_1,-7.63864338401344,-7.77843233642551
GTAGATCAGCGCCTAC-1_1,2.08013880249474,-5.35546442565891
GTAGCTACACCCAAGC-1_1,1.85162055489037,-7.46705624160739
GTAGGAGTCACGATAC-1_1,3.16119658943627,-5.74623247680637
GTAGGTTGTCTACATG-1_1,2.08207905289147,-7.63571116027805
GTAGGTTGTTCGAGCC-1_1,-7.11566841605689,-7.65804668960544
GTAGGTTTCATAGGCT-1_1,2.54198181625817,3.74290803375271
GTATTGGCATGCAGGA-1_1,6.53847396370385,6.57200768890408
GTATTGGTCGAGCCAC-1_1,2.86048638817284,2.2602570384982
GTATTTCTCTATTCGT-1_1,2.13958251472924,-5.11029335556003
GTCAAACCAGCGACAA-1_1,7.30524098869775,6.81934455337552
GTCAAGTGTGGCACTC-1_1,1.7790979146621,-5.99140211639377
GTCAAGTGTTAGGAGC-1_1,1.10795593258355,-4.83505007324191
GTCACGGCAAGAGGCT-1_1,2.25429236885522,-7.45172163543674
GTCACGGGTCTCGCGA-1_1,5.96913278099511,6.87201741638211
GTCACTCAGAATTGTG-1_1,7.31286323067162,6.71238854827908
GTCATCCTCATAGCAC-1_1,2.34757602211449,-7.18766256866428
GTCATGAGTACAGAGC-1_1,-8.15933191779639,-8.1230597167966
GTCATTTAGAAGGATG-1_1,-8.05347883704688,-7.45526596603366
GTCATTTTCTTAATCC-1_1,2.84037792679284,2.94693139495877
GTCCACTCAAGCGATG-1_1,1.23790609833215,-6.99241921005222
GTCCACTGTAGATGTA-1_1,2.62048137184594,-7.15866419372531
GTCCCATGTACCAATC-1_1,2.47486627098534,-5.31851669845554
GTCCTCACATCTCATT-1_1,2.4901427030227,-4.59239908752414
GTCGAATAGAGTCTTC-1_1,7.417446970906,6.44447949829129
GTCGAATAGCCACTCG-1_1,-7.18282234672095,-7.75441261825534
GTCGAATAGGGTGAGG-1_1,6.56975257393334,6.73959258499173
GTCGAATGTATAGGAT-1_1,-8.15281927588966,-7.5431561141965
GTCGAATTCGTCACCT-1_1,-7.83461821082618,-7.94248386917087
GTCGTAAAGCCAACCC-1_1,2.25623786446069,-7.56080814895603
GTCGTAATCGAGTACT-1_1,1.86918818947289,-7.6202144294736
GTCTAGAAGCCGTTAT-1_1,1.25917804237817,-4.87462994155856
GTCTAGAAGGAGGCAG-1_1,6.45379436012719,5.12479165496853
GTCTAGAGTGTGAGCA-1_1,2.69531929489587,-7.15057894287082
GTCTCACAGGGATGTC-1_1,7.08284175392602,7.16778329315213
GTCTCACGTGTTGACT-1_1,-8.0088545084336,-7.7775277763364
GTCTCACTCACTAGCA-1_1,1.90123403068993,-6.4044227272031
GTCTTTAAGTCTTGGT-1_1,3.35234773155663,3.33708790245083
GTGACGCCAAGTCATC-1_1,2.82778012749169,3.19068339767483
GTGACGCCAGCACCCA-1_1,-8.10905039313819,-8.10337158737155
GTGAGGAGTGTGACCC-1_1,7.23966205116723,6.080914053345
GTGAGTTTCGCCAGTG-1_1,2.96626961227868,3.03595927658108
GTGATGTAGACAAGCC-1_1,2.83732950684045,-4.96900459823581
GTGATGTCAGAAACCG-1_1,3.00286447998498,-6.46436449584934
GTGATGTTCGAAACAA-1_1,1.52326464649651,-4.28571507034274
GTGATGTTCTCTAAGG-1_1,5.9300612210891,7.30661538543728
GTGCACGCATAATGCC-1_1,7.38712060448144,6.32909825744656
GTGCAGCAGTCGCCAC-1_1,3.38290393349145,2.62152889671353
GTGCAGCCATTGGGAG-1_1,-7.7553373575547,-7.95220371780368
GTGCTGGAGTCTAGAA-1_1,7.04097497459863,5.89401772918728
GTGCTGGGTAACAGGC-1_1,1.98034679886315,-7.72441240844699
GTGCTTCAGTCACGCC-1_1,7.40116679665063,6.21791556777981
GTGCTTCGTCTTAGTG-1_1,2.91423690315697,-6.67386337814304
GTGGAAGAGCACTAAA-1_1,1.60971498486016,-4.55247541961643
GTGGAAGGTGTAGTGG-1_1,6.65301835533593,6.96417048873929
GTGGTTACAAATGGCG-1_1,-8.09988939765479,-7.52245232162448
GTGTAACCAAACTAAG-1_1,2.55374372002099,3.26656320991543
GTGTAACGTCACTACA-1_1,5.29685008522485,6.05950025024441
GTGTAACTCGGACGTC-1_1,4.91397273537133,5.5947513908389
GTGTCCTCATACATCG-1_1,1.48826408382867,-7.32709976730319
GTGTGATAGCGAACTG-1_1,-7.95693075660255,-7.56916519699069
GTGTGATTCCTACAAG-1_1,0.82340991493676,-7.7817363410947
GTGTTAGCAGTGGTGA-1_1,1.72212481495354,-5.73729273376438
GTGTTCCCATTCTTCA-1_1,1.39953207966302,-7.25872274932834
GTTACAGGTACACGCC-1_1,2.58388102051232,-6.76148506698581
GTTACCCCAGATGCGA-1_1,6.61568677422021,6.37330630722073
GTTACGAAGAATCTAG-1_1,7.32215869423363,6.37685540618924
GTTACGAAGGCTGGAT-1_1,-7.79608690742042,-8.07374807891818
GTTACGATCCTGTACC-1_1,2.2107180356643,-7.10915609893772
GTTACGATCTTTGGAG-1_1,5.75556552406762,7.30417922439602
GTTAGACCATCGTGGC-1_1,3.08848631378625,2.85193375053433
GTTAGTGAGCAAGTCG-1_1,3.42320859428857,3.30441621246365
GTTAGTGAGGCGCTTC-1_1,2.01410686966393,-7.18563124237033
GTTATGGCAGTATTCG-1_1,2.78137695785973,-7.11797997055026
GTTATGGTCGACGAGA-1_1,6.70611178871606,5.97960761489895
GTTCATTTCCTCAGGG-1_1,5.62619006630395,7.02847102584866
GTTCCGTGTCCTGAAT-1_1,1.77676498886559,-5.57917925415012
GTTCGCTAGCACTGGA-1_1,-7.83807671073463,-7.80443188247653
GTTCGCTCAACACGTT-1_1,-7.55462753776099,-8.01279541549655
GTTCGCTTCCAACACA-1_1,6.27356564995263,6.80688146057156
GTTCTATAGACCGTTT-1_1,1.64660322662804,3.08639362754849
GTTCTATCATCCTGTC-1_1,2.91529381271813,-6.33616634902927
GTTCTATGTAGATCGG-1_1,2.72227013107751,-6.82798239288303
GTTCTATGTCGGTAAG-1_1,1.84092426296685,-7.62568518218967
GTTCTATTCAACCCGG-1_1,2.71811926361535,-6.78140017089816
GTTGCGGCATATAGCC-1_1,2.78933250900719,-6.79320856628391
GTTGCTCTCAACCTCC-1_1,7.16478812691186,6.77243569793728
GTTGCTCTCTCGAACA-1_1,3.00845873352502,3.14711860122708
GTTGCTCTCTTAAGGC-1_1,2.65742909904931,3.50580957832364
GTTGTAGCACTGGCGT-1_1,6.85259759422753,6.32727435531644
GTTGTCCTCAAGTTGC-1_1,6.9021824597976,5.92043879928616
GTTGTGAGTTGCATGT-1_1,1.5817570686004,-6.78507563171359
GTTTACTCATCCCACT-1_1,2.50095999237511,-7.11965986785861
GTTTGGAAGATGCAGC-1_1,8.12909162041161,6.4200835556033
TAACACGAGCTTTCTT-1_1,1.61078023907159,2.49177387657193
TAACACGGTATGTCAC-1_1,6.65921819206689,6.82510093154935
TAACTTCAGTCGAATA-1_1,3.01403129097436,-6.09245869216892
TAACTTCCACGTAGAG-1_1,2.39490544792626,-6.87782379684421
TAAGCACGTAAGTTAG-1_1,3.22921788689111,2.54605511131314
TAAGCACTCCGCTTAC-1_1,6.60281026360009,7.07394889297513
TAAGCCAAGGGCCTCT-1_1,2.74046599861596,3.13608172836331
TAAGCGTCATAATGCC-1_1,2.23785316940759,3.11938265266446
TAAGCGTTCGCTCTCA-1_1,-8.12910902503516,-7.72457357940647
TAATCTCCACAACATC-1_1,3.24190771576379,-5.20398613510105
TAATTCCCAATAGAGT-1_1,1.86115562912438,-6.18915840682956
TACAACGTCTTTGCGC-1_1,2.63415539261315,-4.54150482711765
TACACCCGTCCGATCG-1_1,1.66042089458916,-5.22093531188938
TACACCCTCACCTGGG-1_1,6.26710355278466,7.23326543273953
TACAGGTGTATCGCAT-1_1,2.0186729430816,-7.01404282150241
TACAGGTTCGTTCCCA-1_1,2.94468438621972,3.25134805145291
TACAGGTTCTGGTGCG-1_1,1.72409451004479,-7.57605167922946
TACATTCGTTACGCCG-1_1,-8.43358194831397,-7.96885344085666
TACCCACGTCTGCGCA-1_1,1.34782361980889,-5.21464106140109
TACCCGTGTTGTACGT-1_1,-8.39723360541846,-7.75133177337619
TACCTGCCATACCAGT-1_1,6.48316371437524,7.20104983749417
TACGCTCTCCACGTCT-1_1,6.45647132393334,7.21250728073147
TACGGGCAGCGTTAGG-1_1,2.1227418183944,-7.42110630569431
TACGGTAAGGGCAGAG-1_1,2.265023350682,-7.19860502777072
TACGGTAGTATCGATC-1_1,7.24667918678735,6.47364810409573
TACGGTAGTTCCAGGC-1_1,2.41542112823937,-6.98067852554294
TACGTCCGTCTGCCTT-1_1,1.74239790436242,-6.48521324691745
TACTGCCTCACTAGCA-1_1,-8.03444349769141,-8.16962143478366
TACTTACGTCTGTGGC-1_1,1.75957489010308,-4.65726896820041
TACTTACGTTTGATCG-1_1,2.60691678520654,-6.45555063781711
TACTTACTCGGTAACT-1_1,8.13357198235009,6.36752513351468
TACTTCAAGCCAAGTG-1_1,2.31633913513634,-7.10737225112888
TACTTCAAGGCTAAAT-1_1,2.28648865219567,-3.69903441963169
TACTTCACACCCAACG-1_1,-7.9163833856919,-8.08786198196384
TACTTCACATCCGCGA-1_1,-8.15012896064307,-8.26423403320285
TACTTGTAGCTGGAGT-1_1,1.84476864334557,-7.42371460494968
TAGACCAGTGCCCGTA-1_1,2.77572643753503,-6.34982916412326
TAGACTGAGCAGGTCA-1_1,7.17451179024194,6.16858485641507
TAGACTGTCTCGGTAA-1_1,2.27075326439355,-7.39680811462375
TAGAGTCAGTTGCCCG-1_1,2.61995828148339,-6.97648045120212
TAGAGTCTCCTCTAGC-1_1,7.05525100227807,6.73361495437649
TAGGGTTTCCGTGGTG-1_1,6.74644601341698,7.10899499359158
TAGGTACAGAATCGCG-1_1,7.10698783394311,6.45549109878567
TAGGTTGGTAGTTACC-1_1,-7.27496635917213,-7.72128006515476
TATACCTCAGTGTACT-1_1,7.79916608330224,6.36581567230252
TATCAGGAGTAGAATC-1_1,3.15903508659814,-5.16587540206882
TATCAGGGTGATTAGA-1_1,7.86615741249535,6.68890002670315
TATCAGGTCGAGCTGC-1_1,3.77190434929345,3.67706516685513
TATCCTATCGACCACG-1_1,7.18123805519555,6.84544709625271
TATCGCCCAGAGTCAG-1_1,2.55201113220666,-6.9277734428403
TATCGCCGTTACACAC-1_1,2.17061722275231,-6.81508299407932
TATCGCCTCAACTCTT-1_1,2.73549139496301,-4.35323664245578
TATCGCCTCGCTAATG-1_1,2.61676275726769,-6.03483768997165
TATCTGTTCATGCATG-1_1,3.07073581215356,3.3225813240054
TATCTGTTCCGTGGTG-1_1,-7.52124941352393,-7.8362526565549
TATCTTGAGACATGCG-1_1,7.43872010704491,6.76202586593655
TATGTTCAGGATCATA-1_1,1.54890322681878,-6.36642834243747
TATGTTCCAGGGAATC-1_1,2.34858977791283,-4.67420431671115
TATGTTCTCCGGTAAT-1_1,2.69065344330285,-7.12642571029636
TATTCCACACCAGTTA-1_1,2.99068176743005,-6.58335873184177
TATTCCATCTCGCTCA-1_1,6.34310090538476,7.16630223693875
TATTGCTAGCCTCAGC-1_1,2.70803940292809,-7.10815569457981
TATTTCGAGAGGGTGG-1_1,-7.5884820223191,-7.74028202590915
TCAAGACCAATAACGA-1_1,1.69034802910302,-7.77338930664035
TCAAGACGTAGCCAGA-1_1,-7.7490683794358,-7.75306078491184
TCAAGACTCAAGGACG-1_1,1.81984353062127,-7.15862986144992
TCAAGCAAGGTGCAGT-1_1,2.79149305817101,3.65609172287015
TCAAGCACAATGCAAA-1_1,2.61888706680749,-4.51882692871066
TCAAGCACACTATCCC-1_1,3.16631162163232,-5.87674519119235
TCAAGCATCGTAGTGT-1_1,2.19128787514184,3.20226767959622
TCAAGTGCACCTCGTT-1_1,2.33927309509728,-7.53108021316501
TCAATCTGTTGCAACT-1_1,6.69487082954858,7.21296885910061
TCAATCTTCTCATAGG-1_1,7.10549199577782,6.55612996521023
TCAATTCAGACGCATG-1_1,6.9788893460891,6.94491008224515
TCAATTCAGGTCGTCC-1_1,3.29262983795617,2.983342203522
TCACAAGTCGGAAGGT-1_1,3.05268633362267,3.37263182106045
TCACACCAGTAAGCAT-1_1,6.51407849785302,6.37630132141141
TCACATTTCCAAGGGA-1_1,6.88040912147973,6.16998485031155
TCACGCTCATCACCAA-1_1,2.85159766670678,-5.08488651809665
TCACGCTGTCACTTAG-1_1,2.54101741310571,-7.28132006225559
TCACGCTGTGGTTTAC-1_1,7.02227103706811,6.75689128341702
TCACGCTTCTACACTT-1_1,7.16279828545068,6.81593182983426
TCACGGGAGTGAGGTC-1_1,1.94029819961999,-7.81180473861667
TCACGGGCAGAAGTGC-1_1,6.78442704674218,6.13784459533719
TCACTATGTATGAGGC-1_1,3.06794393059228,3.06013444366482
TCACTCGCACCTGATA-1_1,2.70669353004906,3.11157825889615
TCACTCGGTGCGTCGT-1_1,6.76002347465966,6.91707328262356
TCAGCAACAATAGGAT-1_1,1.4722336530349,-7.03942343292209
TCAGCAAGTACAAGCG-1_1,6.88017022606347,7.16461041870144
TCAGCAATCACCTTAT-1_1,2.96992623802636,3.31427792015103
TCAGCCTCACTAACCA-1_1,2.84612619873498,-6.47627445754978
TCAGGGCCAAATCAGA-1_1,2.4719153642318,-4.44121643600437
TCAGGTACACTCCTTG-1_1,2.9061526059768,3.50710729064969
TCAGGTAGTCTATGAC-1_1,2.62462770935509,4.0260291427615
TCAGTTTGTCGAGTGA-1_1,1.71198475357507,-7.40748640594455
TCATATCCAAACTAAG-1_1,6.842748999562,7.1626520484927
TCATATCCACATGAAA-1_1,-7.80408394340064,-8.07951542434665
TCATATCCATGCTGCG-1_1,6.62557065483544,7.20148137512234
TCATCATCAACCGCTG-1_1,-7.87908422950294,-8.21541639862033
TCATCATTCCAACTAG-1_1,6.59802520271752,7.23796132507352
TCATCCGAGGTTCAGG-1_1,7.58549726006005,6.40017894210843
TCATCCGAGTCATCCA-1_1,2.64603030678246,-6.93673321304294
TCATCCGAGTGAGTGC-1_1,1.36814284321282,-6.50355764923068
TCATCCGGTGCACATT-1_1,7.34595572945092,6.99459365310696
TCATCCGTCTCTCTTC-1_1,7.23546588417504,6.63336137237576
TCATGAGTCCATTTGT-1_1,6.48455226417992,7.30410293045071
TCATGTTCATAGCTGT-1_1,2.99804151054833,-6.43377062377902
TCATGTTTCTCAATCT-1_1,-7.18216717246558,-7.70817801055881
TCATTACGTCTTGCTC-1_1,6.73090827461694,6.3087177604678
TCATTACGTGATTGGG-1_1,1.40314996239159,-4.96992823181125
TCATTCAAGAGCCGTA-1_1,1.40923166271661,-6.83802887496921
TCATTCAGTCAAACGG-1_1,0.244296699728707,-7.86249634323093
TCATTGTAGTGGACGT-1_1,6.97103297707055,6.58850434722928
TCCACCACAGACATCT-1_1,-8.32241404059913,-8.14350315628024
TCCACGTCAATCAAGA-1_1,1.8786114453933,-6.13722750244113
TCCACGTTCATTTGGG-1_1,7.91796100136254,6.37289384307889
TCCAGAAAGACTGGGT-1_1,1.75538444515679,-7.31685730514499
TCCATGCAGTCCCGGT-1_1,1.93090677257989,-3.74008390006992
TCCATGCCAAGTGATA-1_1,2.75831472870324,-7.06575199661228
TCCCACAAGAAGTCAT-1_1,0.785733520951012,-5.7666372924802
TCCCACACAGAGTGAC-1_1,7.72881162163232,6.54731467666653
TCCCACAGTACGGATG-1_1,-7.9095097780564,-7.76760622558566
TCCCATGCACAGCGCT-1_1,7.8603967427871,6.28299811782864
TCCCATGTCCAACCGG-1_1,7.20084559914086,6.78810695114163
TCCGAAAGTGGAAGTC-1_1,1.95494019981835,-7.38907763061496
TCCGAAATCAACACCA-1_1,6.81078994270776,7.33237651290921
TCCGATCTCTCTATGT-1_1,7.04911363121484,7.28602508010892
TCCGTGTCAGGCGATA-1_1,6.97216832634423,6.15856078567532
TCCTAATGTGTGTTTG-1_1,7.23590695854638,5.95906547012356
TCCTAATTCACTCGAA-1_1,1.85901653763268,-7.60473581848117
TCCTCCCAGCTTCTAG-1_1,2.90960776802514,3.40930632057217
TCCTCCCGTAACGATA-1_1,2.43237793442223,-6.24097105560275
TCCTCGATCGTTGCCT-1_1,2.35674583908532,-7.2236833244321
TCCTCTTAGGTCGTGA-1_1,1.75574922558282,-7.02880426940891
TCCTCTTCACTGGACC-1_1,2.23659741875146,-6.99463984069797
TCCTCTTGTTCTTCAT-1_1,-8.45317041877296,-8.21602531967136
TCCTCTTTCAAATGAG-1_1,-7.15931141379859,-7.71318480071994
TCCTGCAGTTGTCATG-1_1,2.5440133809707,-5.85829063949558
TCCTTCTAGTGGGAAA-1_1,2.46979773041222,-4.63257071075412
TCCTTTCAGGTAGCCA-1_1,2.65511858459924,-4.45311543045017
TCCTTTCCAGCGTACC-1_1,6.95299708839867,7.140644106293
TCGAAGTCAGTTAAAG-1_1,-8.33756792548682,-7.68589350280734
TCGAAGTTCGCCAGTG-1_1,6.9421576261184,6.06124976577786
TCGACCTAGCTGGAGT-1_1,2.34768474098656,-5.23244806823703
TCGACCTCAAGCCCAC-1_1,2.98294770714257,3.25553921165494
TCGATTTGTGATCATC-1_1,6.88969981667016,7.06693604888943
TCGATTTTCTCTCCGA-1_1,2.47227942940209,5.85121301116971
TCGCACTAGCTCATAC-1_1,2.53081667419884,-5.11405369338962
TCGCAGGAGGCCTGCT-1_1,3.24054825302575,2.87077263298062
TCGCTCAAGCATCTTG-1_1,-7.75938475135352,-8.10310789642307
TCGCTCAGTCTCTCTG-1_1,6.71072661873315,3.64660433235196
TCGCTCATCGGCTTCT-1_1,3.30403721329186,-5.33956810531589
TCGCTTGCAGCGCTTG-1_1,2.55993926521752,-6.91948744354221
TCGGGACCATCCGTGG-1_1,2.03674316402886,-6.57938620147678
TCGGGTGAGCCTCTTC-1_1,7.05889928337548,7.00961736145047
TCGGTCTAGCCTCTGG-1_1,6.866665720906,6.16813567581204
TCGGTCTAGCTAATGA-1_1,7.38812911507104,6.34936479034451
TCGGTCTAGTCTTCCC-1_1,6.30897700783227,7.05365136566189
TCGGTCTTCTATACTC-1_1,6.78425633903954,6.68848708572415
TCGTAGACATCGTGGC-1_1,2.67342293259118,-7.11285683212253
TCGTCCATCCGCACTT-1_1,3.21014440056298,-5.37746378478977
TCGTCCATCGTTGTGA-1_1,7.92664802071069,6.39083198013333
TCGTGCTCACCGTGGT-1_1,7.23579919334863,6.59686425628689
TCGTGCTCACCTGATA-1_1,2.65368735786889,-6.91668983993503
TCGTGGGAGACTCTTG-1_1,2.70454585548852,3.23210409584073
TCGTGGGAGTATAACG-1_1,-7.1978570223191,-7.65201040801975
TCGTGGGCATCTTTCA-1_1,3.06942307945702,3.16098812522915
TCGTGGGGTAAGTAGT-1_1,2.90199840065453,2.53962520065335
TCTAACTCAGGTTCGC-1_1,6.88949048515771,7.22036221923855
TCTACATGTGCTGTCG-1_1,1.54559016224358,-7.67598816451999
TCTACCGAGAACAAGG-1_1,-7.29921209815528,-7.83261200485202
TCTACCGAGTGTCATC-1_1,1.74315881725762,-7.17002913055393
TCTATACGTGATACAA-1_1,-7.33840191367652,-7.78962513504001
TCTATCAAGAAGCTGC-1_1,-8.00943243506934,-7.97433182296726
TCTATCAAGTCGAGGT-1_1,3.20733869072411,2.99441722335843
TCTATCATCCGTGTAA-1_1,7.30692183968041,6.73557952346829
TCTCACGAGAATCGAT-1_1,7.04044187065575,6.90574792327908
TCTCACGAGCTCGACC-1_1,1.28044462200616,-4.99284979400607
TCTCACGCATGGAATA-1_1,-7.57174599174049,-7.90657755432102
TCTCACGGTGCTTCAA-1_1,-8.23499166968848,-7.99589153823825
TCTCAGCAGTCGGCAA-1_1,1.68579614159081,-4.18115707931491
TCTCAGCCAGACTCTA-1_1,3.0156131982467,-6.53240009841892
TCTCAGCCATGGACAG-1_1,6.17664515968774,7.02158311309842
TCTCCGAAGGAAAGTG-1_1,7.63762080666039,6.46769908370999
TCTGCCAGTCGATTAC-1_1,7.42143142219994,6.45728162231473
TCTGCCAGTCTACGAT-1_1,7.19910323616479,7.05769208374051
TCTGGCTGTACCTTCC-1_1,6.68916833397363,7.3328523963931
TCTGGCTGTCCAGGTC-1_1,3.07349836822961,3.30204418602017
TCTGTCGCACGCTGCA-1_1,1.67500901218865,-3.90778085288974
TCTGTCGTCCTATTGT-1_1,7.24089324470971,6.28295663299588
TCTTAGTGTAGTGCGA-1_1,1.20157921310876,-5.13415714797946
TCTTCCTAGCCTCCAG-1_1,-8.29146826270606,-7.88410564956638
TCTTCCTCAGCTGAAG-1_1,7.34109055992577,7.08711532058743
TCTTGCGAGGTCGTAG-1_1,2.29686295982812,-7.42303844985935
TCTTGCGTCTCCGAAA-1_1,-8.05167734626319,-8.06162020263645
TCTTTGACATGGCACC-1_1,2.56430113312218,3.83420470657376
TCTTTGAGTTGGTGTT-1_1,1.35047078129266,-6.76453873214694
TGAACGTAGGCTTAAA-1_1,1.93755900856469,-7.65828224716159
TGAACGTGTCAGTCTA-1_1,-8.01193010810401,-7.90726038513156
TGAACGTTCTGTGCAA-1_1,2.80388700958703,-6.96991440353366
TGAATCGGTAGCGATG-1_1,6.48796260353539,6.63093236389187
TGAATCGGTATTTCTC-1_1,7.98552930351708,6.38762811126736
TGACAGTAGTCACACT-1_1,2.05292892452691,-4.95855948028537
TGACAGTGTAGGTACG-1_1,7.06583487984155,7.00263694229153
TGACCCTCACTGCTTC-1_1,1.7833201884887,-7.55713745651218
TGACTCCGTTCGTTCC-1_1,-7.53920567039039,-7.81768557128879
TGAGCGCGTGATAGTA-1_1,1.76379871365044,-6.96797081527683
TGAGGAGCATGGCTGC-1_1,2.29734909531091,-7.21554562149021
TGAGGAGTCCTCGATC-1_1,2.27202498909447,-4.37499996719333
TGAGGTTAGCGTCGAA-1_1,1.6009836196563,-7.01712652740451
TGAGGTTTCCACACCT-1_1,2.96259057518456,-5.63138910827609
TGAGGTTTCCTCTAGC-1_1,6.60790193077538,6.70032313766507
TGATCAGAGCGATTCT-1_1,7.39866483208154,6.72884229126004
TGATCAGAGTAAACTG-1_1,1.46151006218407,-7.25322672424289
TGATCAGTCAAGGCTT-1_1,1.58209860321496,-7.02851578292819
TGATCTTCAAATGCTC-1_1,1.86829233166192,-3.50166842040988
TGATGCACACGTTGGC-1_1,1.99857270714257,-7.26885458526584
TGATTCTAGGATGAGA-1_1,7.20295417305444,6.44643643798855
TGATTTCGTATGGAGC-1_1,1.75188457962487,-7.60289427337619
TGCACGGAGCCGGAAT-1_1,1.95525598522637,-7.01122137603732
TGCACGGGTCCTGGGT-1_1,2.59751498695824,2.91204217376736
TGCAGATTCGCTGATA-1_1,-8.36875498298194,-7.45788332519504
TGCAGGCGTCGTATGT-1_1,2.00275850292657,-7.28491303024265
TGCAGGCTCTCAACGA-1_1,7.17667710777734,7.10439971389798
TGCCGAGGTACTCGAT-1_1,2.88617312904809,-5.064753499603
TGCGACGTCGGCTTGG-1_1,2.20661032196496,-4.67649742660495
TGCGATACACCCTCTA-1_1,6.30042159553979,7.22334817352322
TGCGGGTAGGGTGAAA-1_1,6.71161305901025,6.387066397095
TGCGGGTAGTGCAGCA-1_1,2.8026689290664,2.44738605918912
TGCGGGTTCCACATAG-1_1,2.62805616852258,-5.92999836502048
TGCTCCAGTACGCGTC-1_1,2.49158298965905,-6.85680862960788
TGCTTCGAGCGACCCT-1_1,2.85176837440942,3.42106846275357
TGCTTGCAGGTCCTGC-1_1,7.3420542478225,6.78602126541165
TGGAGGACACCAACAT-1_1,1.68562161919091,-5.07872959670993
TGGAGGATCCGCATAA-1_1,7.06451594826196,6.68570760192898
TGGATGTTCGCTGCGA-1_1,2.14527642723534,-6.0641545921323
TGGCGTGGTGCGACAA-1_1,7.07988202568505,6.67955735626248
TGGGAAGAGGTGAGCT-1_1,6.74312388893578,6.94160846176175
TGGGCTGCAGCACCCA-1_1,2.54561913010094,3.95189479293851
TGGGTTAGTGTTACAC-1_1,7.32396638390038,6.08364108505276
TGGGTTAGTTACACAC-1_1,-7.85527908805396,-7.91015192565891
TGGTAGTCATGGAAGC-1_1,3.4363826512954,2.20751789512662
TGGTGATTCTTCCCAG-1_1,2.74554359909509,-6.88560959396335
TGGTTAGCAACCGTGC-1_1,2.05754816528771,-7.75991579589816
TGGTTAGTCCAACCGG-1_1,-7.22872269156959,-7.74588581619235
TGGTTAGTCGGCATAT-1_1,2.7211636304519,-7.20538469848606
TGTAACGAGGTTGACG-1_1,7.08971297737572,5.80982497634915
TGTAAGCAGAGGCGTT-1_1,3.26967632767175,2.66770509185818
TGTAAGCAGTGATAAC-1_1,7.5073169469497,6.4258733123782
TGTAAGCGTCATCTAG-1_1,7.18714416023705,6.69429257812527
TGTAAGCTCAACTGGT-1_1,-7.85160839561012,-8.07046028671237
TGTACAGCACGACCTG-1_1,3.3568943738601,2.90591982307461
TGTACAGGTTCTAAGC-1_1,1.21483862396691,-5.12165924606296
TGTAGACTCGCCCAGA-1_1,-7.73898613456275,-7.73962923583957
TGTCCACGTATCGAGG-1_1,7.1627444028518,7.07307008209256
TGTCCACGTGCAGTGA-1_1,-8.16912615302589,-7.64537283477756
TGTCCACTCGTTGTTT-1_1,3.81531274315331,3.41185310783414
TGTCCCAAGTGGAATT-1_1,7.19886291023705,6.54657033386258
TGTCCCAGTGGGTCAA-1_1,7.25772178169701,5.90996936264065
TGTCCCAGTTAAGGGC-1_1,7.30201947685693,6.7964001029971
TGTCCCATCAACGCTA-1_1,7.63461434837792,6.5460281700137
TGTCCTGAGAGTGGCT-1_1,2.96978390213464,3.26244810524014
TGTCCTGTCCTGGCTT-1_1,6.99455010887597,6.55220464172391
TGTGAGTAGGCCGCTT-1_1,3.05518090721581,2.59992030563382
TGTGAGTCAACAGATA-1_1,2.24800956245873,-6.87322565612766
TGTGGCGAGATCCGAG-1_1,7.12822520729516,6.61235478820828
TGTGTGATCTGAATGC-1_1,1.84190976616357,-7.31879231033298
TGTTACTCACAATCTG-1_1,1.53611111637566,-7.39745136795017
TGTTCCGAGTTCTACG-1_1,-7.68756353858497,-7.67894217071506
TGTTCCGGTTGCCTAA-1_1,7.48721683021996,6.11281064453152
TGTTCTACAAAGAACT-1_1,7.10522830482934,7.26032021942166
TGTTCTAGTTAATGAG-1_1,6.94354808327172,7.10167888107327
TGTTCTAGTTGTGGAG-1_1,6.52061784264062,6.6975117057803
TGTTGAGCACATGGTT-1_1,2.20638787743066,-6.60052391586276
TGTTGAGTCACGAACT-1_1,2.86356413361047,3.81557563247708
TGTTTGTGTATGACAA-1_1,-8.22818052772071,-7.58557268676731
TTAATCCAGGTGCGAT-1_1,1.59682059284661,-6.07851597366306
TTAATCCCACGCTGAC-1_1,7.47973382469628,6.64264777603177
TTACAGGAGTGCACCC-1_1,3.4732912778518,3.49403599205044
TTACAGGCAGCCATTA-1_1,2.31451642509911,2.87709120216397
TTACAGGTCCCAGGCA-1_1,-8.16190683845069,-7.79760500488254
TTACCATAGCACTCGC-1_1,2.98963558670495,-6.5200495391843
TTACCGCAGGGAGATA-1_1,2.04033577438805,-6.65354010162326
TTACCGCGTTCATCTT-1_1,6.93590676781152,6.95859435501126
TTACCGCGTTTCGCTC-1_1,2.1005901097915,-3.84247108993503
TTACGCCAGACTTAAG-1_1,2.04550945755456,-7.63737627563449
TTACGCCAGGTTGGAC-1_1,3.45738804336999,3.22440985145596
TTACGTTTCGCACGGT-1_1,7.40043961998437,6.83027795257596
TTACTGTTCAAGTTGC-1_1,2.82774412628625,-6.62792583999606
TTAGGCAAGCCATATC-1_1,2.4601544141433,3.22729352417019
TTAGGGTAGAGCAGCT-1_1,6.74070823189233,6.72564223709134
TTATTGCAGGTAGACC-1_1,-8.42150843146827,-7.65520950851413
TTCAATCTCGCAGAGA-1_1,8.11595571037743,6.41954472961453
TTCAGGAAGAAACTGT-1_1,3.18847310539697,2.65332964363125
TTCATGTAGGTACTGG-1_1,2.19101655479882,-7.62361380157443
TTCATGTAGTTTGGCT-1_1,1.27490794655297,-6.90345140991184
TTCATGTCAGCGCGTT-1_1,1.22476279732201,-4.79660555419895
TTCCAATCACATGACT-1_1,3.00570094582055,-6.43752094802829
TTCCAATCAGACCCGT-1_1,2.38616287704919,-6.55390116271945
TTCCAATGTAGATGTA-1_1,2.85225999351952,-6.76573273239108
TTCCAATTCACATCAG-1_1,3.23482358452294,3.97849372329739
TTCCAATTCATGCCCT-1_1,5.00359332558129,4.57395318450955
TTCCACGAGAGTTCGG-1_1,1.52367281910394,-7.62233349380466
TTCCACGTCAGAGTTC-1_1,6.57845437523339,4.72314361038235
TTCCGTGCATACAGGG-1_1,7.4381440877578,6.69947150650052
TTCGATTTCCCGAACG-1_1,2.22329604622338,3.12852242889432
TTCGCTGAGCTCCACG-1_1,1.87771952148888,-7.38655277786228
TTCGCTGCACAAATGA-1_1,1.79480957981561,-6.73370262680026
TTCGCTGCATCGATGT-1_1,-7.76230013373878,-7.61604305801364
TTCGCTGGTCACCGAC-1_1,2.25986516472314,-4.8314656883237
TTCGCTGTCTTTCAGT-1_1,2.93781077858422,-4.85478254852268
TTCGGTCCAACCCGCA-1_1,2.19720113274072,-5.81655594406101
TTCGGTCTCGCCTATC-1_1,2.33297598358605,-7.23559423980686
TTCGGTCTCTTGTTAC-1_1,6.90414607521508,7.25556949081448
TTCTAACGTATGACAA-1_1,7.00925481316064,6.7730379432681
TTCTAACTCCGGCAGT-1_1,7.33065307136987,6.91375163497952
TTCTAGTTCCTGTACC-1_1,2.43007504936669,-5.73713060913059
TTCTCTCAGGATGAGA-1_1,6.78684365745995,6.90823844375638
TTCTCTCTCATAAGGA-1_1,1.80883669849847,2.88696888389615
TTCTTCCGTGAGGAAA-1_1,1.48066604134057,-7.75966354904148
TTCTTCCGTGATTCAC-1_1,7.19790112968896,6.50227836074856
TTCTTGATCAGCTCTC-1_1,2.79943740364526,-6.66427227554294
TTGAACGCACGGATCC-1_1,2.11444413658593,-7.57787415084812
TTGAACGTCGCTACAA-1_1,7.08187186714623,6.40917972030667
TTGACCCGTGATACTC-1_1,3.60796725746606,3.03197577896145
TTGACCCTCCTCTAAT-1_1,2.77015221115563,-7.06222483215305
TTGAGTGCACGCCAGT-1_1,2.43717586990807,-4.86246964035007
TTGATGGCAAGCCCAC-1_1,1.97887694832299,-7.35314556655856
TTGCCTGGTATCGAGG-1_1,1.9575921296737,-7.08526226577731
TTGCCTGTCTGAGGCC-1_1,-7.78447353843238,-7.99317642745944
TTGCGTCTCCCGTTCA-1_1,3.00150477882836,3.23454860153226
TTGCTGCCACAGAAGC-1_1,2.19683706757043,-4.86064907608005
TTGGATGAGAACTTCC-1_1,6.55155169960473,6.82501176300076
TTGGGCGAGCTGCCTG-1_1,2.15914952751611,-6.19659563598606
TTGGGTATCCGCTAGG-1_1,7.25904023643945,5.94593385162381
TTGTGTTAGAGGTGCT-1_1,2.09045231338952,-5.06092163619968
TTGTGTTCACTACACA-1_1,2.04394042488549,-4.47651764450046
TTGTTCACAGACCCGT-1_1,2.90726649757836,-6.71435257492038
TTGTTCATCAGGGATG-1_1,7.28533208366845,6.09068301620511
TTGTTCATCGCGTGCA-1_1,6.77003228661034,6.85829833450345
TTGTTGTCATACCATG-1_1,7.13950335976098,7.18381122055081
TTGTTTGAGCCGTAAG-1_1,2.53775775429223,-4.9400090843198
TTGTTTGAGTACTGGG-1_1,1.66118192669366,-7.80047794876071
TTGTTTGCACCAGGTC-1_1,2.03677189346764,-7.34062429962131
TTTACCAAGACATAGT-1_1,-7.75538790229346,-8.13369318542453
TTTACCACAATTCACG-1_1,1.85895323749993,-7.82055374679538
TTTACCATCGACATCA-1_1,1.99645626541589,2.21548083725003
TTTACGTCAACCCTCT-1_1,2.93056905266259,-6.47752186355564
TTTACTGCACTAACGT-1_1,2.31346285339806,3.48456219139126
TTTACTGTCCTCTAGC-1_1,3.01106536385033,3.23371675910977
TTTCACATCCGACGGT-1_1,8.04552972313378,6.37332156600979
TTTCACATCTTGGCTC-1_1,-8.06208002570655,-8.29176374969455
TTTCCTCCATAGACTC-1_1,2.84601342674706,-4.6254315048215
TTTCCTCGTCCAGCGT-1_1,2.82995593544457,3.10621837081936
TTTCGATAGTTTGCTG-1_1,1.9129223823211,-7.52054878768894
TTTGACTAGGAGGCAG-1_1,1.62900674339745,-6.94035669860813
TTTGATCGTGCAACAG-1_1,1.82993352409814,2.58532837333706
TTTGATCTCCTCATAT-1_1,6.88896501060937,7.14172080459622
TTTGGAGAGGTTACAA-1_1,2.69882524010155,3.29299763145474
TTTGGAGAGTCGCCAC-1_1,7.4295204877517,6.3292484611514
TTTGGAGTCTCTCAAT-1_1,2.3976966142318,3.26117900314358
TTTGGTTCACACCGCA-1_1,-8.27070391181495,-8.20738932189914
TTTGGTTGTCACGACC-1_1,2.56288158890221,3.0697212547305
TTTGGTTGTGTACGCC-1_1,6.64062583443139,7.26154521408108
TTTGTTGCACACGGTC-1_1,2.64840638634179,3.48709801139859
